BOS,DXB,2014-03-10,6	
BOS,DXB,2014-03-11,1	
BOS,DXB,2014-03-12,4	
BOS,DXB,2014-03-13,6	
BOS,DXB,2014-03-14,8	
BOS,DXB,2014-03-15,12	
BOS,DXB,2014-03-16,7	
BOS,DXB,2014-03-17,4	
BOS,DXB,2014-03-18,17	
BOS,DXB,2014-03-19,11	
BOS,DXB,2014-03-20,9	
BOS,DXB,2014-03-21,15	
BOS,DXB,2014-03-22,14	
BOS,DXB,2014-03-23,7	
BOS,DXB,2014-03-24,2	
BOS,DXB,2014-03-25,3	
BOS,DXB,2014-03-26,4	
BOS,DXB,2014-03-27,14	
BOS,DXB,2014-03-28,16	
BOS,DXB,2014-03-29,13	
BOS,DXB,2014-03-30,6	
BOS,DXB,2014-03-31,5	
BOS,DXB,2014-04-01,8	
BOS,DXB,2014-04-02,6	
BOS,DXB,2014-04-03,8	
BOS,DXB,2014-04-04,7	
BOS,DXB,2014-04-05,18	
BOS,DXB,2014-04-06,3	
BOS,DXB,2014-04-07,6	
BOS,DXB,2014-04-08,6	
BOS,DXB,2014-04-09,2	
BOS,DXB,2014-04-10,9	
BOS,DXB,2014-04-11,13	
BOS,DXB,2014-04-12,18	
BOS,DXB,2014-04-13,7	
BOS,DXB,2014-04-14,5	
BOS,DXB,2014-04-15,9	
BOS,DXB,2014-04-16,6	
BOS,DXB,2014-04-17,9	
BOS,DXB,2014-04-18,6	
BOS,DXB,2014-04-19,10	
BOS,DXB,2014-04-20,1	
BOS,DXB,2014-04-21,10	
BOS,DXB,2014-04-22,12	
BOS,DXB,2014-04-23,4	
BOS,DXB,2014-04-24,7	
BOS,DXB,2014-04-25,19	
BOS,DXB,2014-04-26,11	
BOS,DXB,2014-04-27,8	
BOS,DXB,2014-04-28,4	
BOS,DXB,2014-04-29,19	
BOS,DXB,2014-04-30,5	
BOS,DXB,2014-05-01,14	
BOS,DXB,2014-05-02,15	
BOS,DXB,2014-05-03,7	
BOS,DXB,2014-05-04,8	
BOS,DXB,2014-05-05,3	
BOS,DXB,2014-05-06,2	
BOS,DXB,2014-05-07,7	
BOS,DXB,2014-05-08,28	
BOS,DXB,2014-05-09,12	
BOS,DXB,2014-05-10,22	
BOS,DXB,2014-05-11,8	
BOS,DXB,2014-05-12,11	
BOS,DXB,2014-05-13,10	
BOS,DXB,2014-05-14,10	
BOS,DXB,2014-05-15,15	
BOS,DXB,2014-05-16,17	
BOS,DXB,2014-05-17,12	
BOS,DXB,2014-05-18,13	
BOS,DXB,2014-05-19,13	
BOS,DXB,2014-05-20,11	
BOS,DXB,2014-05-21,5	
BOS,DXB,2014-05-22,18	
BOS,DXB,2014-05-23,15	
BOS,DXB,2014-05-24,11	
BOS,DXB,2014-05-25,13	
BOS,DXB,2014-05-26,9	
BOS,DXB,2014-05-27,4	
BOS,DXB,2014-05-28,7	
BOS,DXB,2014-05-29,8	
BOS,DXB,2014-05-30,22	
BOS,DXB,2014-05-31,13	
BOS,DXB,2014-06-01,14	
BOS,DXB,2014-06-02,15	
BOS,DXB,2014-06-03,15	
BOS,DXB,2014-06-04,8	
BOS,DXB,2014-06-05,13	
BOS,DXB,2014-06-06,16	
BOS,DXB,2014-06-07,21	
BOS,DXB,2014-06-08,10	
BOS,DXB,2014-06-09,4	
BOS,DXB,2014-06-10,7	
BOS,DXB,2014-06-11,6	
BOS,DXB,2014-06-12,5	
BOS,DXB,2014-06-13,18	
BOS,DXB,2014-06-14,3	
BOS,DXB,2014-06-15,7	
BOS,DXB,2014-06-16,4	
BOS,DXB,2014-06-17,7	
BOS,DXB,2014-06-18,10	
BOS,DXB,2014-06-19,11	
BOS,DXB,2014-06-20,17	
BOS,DXB,2014-06-21,14	
BOS,DXB,2014-06-22,10	
BOS,DXB,2014-06-23,7	
BOS,DXB,2014-06-24,9	
BOS,DXB,2014-06-25,3	
BOS,DXB,2014-06-26,18	
BOS,DXB,2014-06-27,12	
BOS,DXB,2014-06-28,14	
BOS,DXB,2014-06-29,12	
BOS,DXB,2014-06-30,3	
BOS,DXB,2014-07-01,10	
BOS,DXB,2014-07-02,9	
BOS,DXB,2014-07-03,6	
BOS,DXB,2014-07-04,6	
BOS,DXB,2014-07-05,6	
BOS,DXB,2014-07-06,9	
BOS,DXB,2014-07-07,1	
BOS,DXB,2014-07-08,2	
BOS,DXB,2014-07-09,3	
BOS,DXB,2014-07-10,12	
BOS,DXB,2014-07-11,9	
BOS,DXB,2014-07-12,10	
BOS,DXB,2014-07-13,4	
BOS,DXB,2014-07-14,4	
BOS,DXB,2014-07-15,3	
BOS,DXB,2014-07-16,5	
BOS,DXB,2014-07-17,6	
BOS,DXB,2014-07-18,17	
BOS,DXB,2014-07-19,14	
BOS,DXB,2014-07-20,14	
BOS,DXB,2014-07-21,3	
BOS,DXB,2014-07-22,4	
BOS,DXB,2014-07-23,6	
BOS,DXB,2014-07-24,15	
BOS,DXB,2014-07-25,3	
BOS,DXB,2014-07-26,8	
BOS,DXB,2014-07-27,13	
BOS,DXB,2014-07-28,3	
BOS,DXB,2014-07-29,5	
BOS,DXB,2014-07-30,2	
BOS,DXB,2014-07-31,16	
BOS,DXB,2014-08-01,12	
BOS,DXB,2014-08-02,14	
BOS,DXB,2014-08-03,7	
BOS,DXB,2014-08-04,7	
BOS,DXB,2014-08-05,6	
BOS,DXB,2014-08-06,8	
BOS,DXB,2014-08-07,6	
BOS,DXB,2014-08-08,18	
BOS,DXB,2014-08-09,12	
BOS,DXB,2014-08-11,13	
BOS,DXB,2014-08-12,4	
BOS,DXB,2014-08-13,6	
BOS,DXB,2014-08-14,7	
BOS,DXB,2014-08-15,17	
BOS,DXB,2014-08-16,12	
BOS,DXB,2014-08-17,10	
BOS,DXB,2014-08-18,11	
BOS,DXB,2014-08-19,10	
BOS,DXB,2014-08-20,11	
BOS,DXB,2014-08-21,12	
BOS,DXB,2014-08-22,25	
BOS,DXB,2014-08-23,19	
BOS,DXB,2014-08-24,10	
BOS,DXB,2014-08-25,7	
BOS,DXB,2014-08-26,4	
BOS,DXB,2014-08-27,9	
BOS,DXB,2014-08-28,21	
BOS,DXB,2014-08-29,16	
BOS,DXB,2014-08-30,16	
BOS,DXB,2014-08-31,15	
BOS,DXB,2014-09-01,14	
BOS,DXB,2014-09-02,6	
BOS,DXB,2014-09-03,8	
BOS,DXB,2014-09-04,13	
BOS,DXB,2014-09-05,15	
BOS,DXB,2014-09-06,12	
BOS,DXB,2014-09-07,12	
BOS,DXB,2014-09-08,19	
BOS,DXB,2014-09-09,14	
BOS,DXB,2014-09-10,14	
BOS,DXB,2014-09-11,13	
BOS,DXB,2014-09-12,21	
BOS,DXB,2014-09-13,11	
BOS,DXB,2014-09-14,14	
BOS,DXB,2014-09-15,11	
BOS,DXB,2014-09-16,3	
BOS,DXB,2014-09-17,8	
BOS,DXB,2014-09-18,23	
BOS,DXB,2014-09-19,20	
BOS,DXB,2014-09-20,15	
BOS,DXB,2014-09-21,13	
BOS,DXB,2014-09-22,7	
BOS,DXB,2014-09-23,4	
BOS,DXB,2014-09-24,7	
BOS,DXB,2014-09-25,13	
BOS,DXB,2014-09-26,21	
BOS,DXB,2014-09-27,7	
BOS,DXB,2014-09-28,7	
BOS,DXB,2014-09-29,3	
BOS,DXB,2014-09-30,9	
BOS,DXB,2014-10-01,14	
BOS,DXB,2014-10-02,38	
BOS,DXB,2014-10-03,27	
BOS,DXB,2014-10-04,8	
BOS,DXB,2014-10-05,7	
BOS,DXB,2014-10-06,8	
BOS,DXB,2014-10-07,10	
BOS,DXB,2014-10-08,9	
BOS,DXB,2014-10-09,23	
BOS,DXB,2014-10-10,17	
BOS,DXB,2014-10-11,18	
BOS,DXB,2014-10-12,14	
BOS,DXB,2014-10-13,20	
BOS,DXB,2014-10-14,8	
BOS,DXB,2014-10-15,14	
BOS,DXB,2014-10-16,17	
BOS,DXB,2014-10-17,22	
BOS,DXB,2014-10-18,10	
BOS,DXB,2014-10-19,13	
BOS,DXB,2014-10-20,11	
BOS,DXB,2014-10-21,4	
BOS,DXB,2014-10-22,6	
BOS,DXB,2014-10-23,14	
BOS,DXB,2014-10-24,8	
BOS,DXB,2014-10-25,14	
BOS,DXB,2014-10-26,24	
BOS,DXB,2014-10-27,7	
BOS,DXB,2014-10-28,16	
BOS,DXB,2014-10-29,3	
BOS,DXB,2014-10-30,20	
BOS,DXB,2014-10-31,16	
BOS,DXB,2014-11-01,17	
BOS,DXB,2014-11-02,10	
BOS,DXB,2014-11-03,15	
BOS,DXB,2014-11-04,9	
BOS,DXB,2014-11-05,8	
BOS,DXB,2014-11-06,7	
BOS,DXB,2014-11-07,10	
BOS,DXB,2014-11-08,7	
BOS,DXB,2014-11-09,12	
BOS,DXB,2014-11-10,13	
BOS,DXB,2014-11-11,12	
BOS,DXB,2014-11-12,5	
BOS,DXB,2014-11-13,8	
BOS,DXB,2014-11-14,22	
BOS,DXB,2014-11-15,9	
BOS,DXB,2014-11-16,16	
BOS,DXB,2014-11-17,5	
BOS,DXB,2014-11-18,9	
BOS,DXB,2014-11-19,9	
BOS,DXB,2014-11-20,18	
BOS,DXB,2014-11-21,17	
BOS,DXB,2014-11-22,9	
BOS,DXB,2014-11-23,11	
BOS,DXB,2014-11-24,10	
BOS,DXB,2014-11-25,6	
BOS,DXB,2014-11-26,10	
BOS,DXB,2014-11-27,8	
BOS,DXB,2014-11-28,7	
BOS,DXB,2014-11-29,4	
BOS,DXB,2014-11-30,9	
BOS,DXB,2014-12-01,17	
BOS,DXB,2014-12-02,3	
BOS,DXB,2014-12-03,12	
BOS,DXB,2014-12-04,13	
BOS,DXB,2014-12-05,18	
BOS,DXB,2014-12-06,12	
BOS,DXB,2014-12-07,10	
BOS,DXB,2014-12-08,9	
BOS,DXB,2014-12-09,5	
BOS,DXB,2014-12-10,13	
BOS,DXB,2014-12-11,11	
BOS,DXB,2014-12-12,21	
BOS,DXB,2014-12-13,22	
BOS,DXB,2014-12-14,11	
BOS,DXB,2014-12-15,16	
BOS,DXB,2014-12-16,12	
BOS,DXB,2014-12-17,18	
BOS,DXB,2014-12-18,23	
BOS,DXB,2014-12-19,19	
BOS,DXB,2014-12-20,16	
BOS,DXB,2014-12-21,13	
BOS,DXB,2014-12-22,7	
BOS,DXB,2014-12-23,7	
BOS,DXB,2014-12-24,2	
BOS,DXB,2014-12-25,7	
BOS,DXB,2014-12-26,3	
BOS,DXB,2014-12-27,4	
BOS,DXB,2014-12-28,3	
BOS,DXB,2014-12-29,5	
BOS,DXB,2014-12-31,6	
BOS,DXB,2015-01-01,5	
BOS,DXB,2015-01-02,16	
BOS,DXB,2015-01-03,12	
BOS,DXB,2015-01-04,11	
BOS,DXB,2015-01-05,16	
BOS,DXB,2015-01-06,4	
BOS,DXB,2015-01-07,13	
BOS,DXB,2015-01-08,10	
BOS,DXB,2015-01-09,16	
BOS,DXB,2015-01-10,11	
BOS,DXB,2015-01-11,17	
BOS,DXB,2015-01-12,10	
BOS,DXB,2015-01-13,9	
BOS,DXB,2015-01-14,15	
BOS,DXB,2015-01-15,11	
BOS,DXB,2015-01-16,20	
BOS,DXB,2015-01-17,11	
BOS,DXB,2015-01-18,9	
BOS,DXB,2015-01-19,1	
BOS,DXB,2015-01-20,14	
BOS,DXB,2015-01-21,5	
BOS,DXB,2015-01-22,14	
BOS,DXB,2015-01-23,24	
BOS,DXB,2015-01-24,15	
BOS,DXB,2015-01-25,8	
BOS,DXB,2015-01-26,5	
BOS,DXB,2015-01-27,1	
BOS,DXB,2015-01-28,7	
BOS,DXB,2015-01-29,14	
BOS,DXB,2015-01-30,14	
BOS,DXB,2015-01-31,10	
BOS,DXB,2015-02-01,10	
BOS,DXB,2015-02-02,9	
BOS,DXB,2015-02-03,5	
BOS,DXB,2015-02-04,9	
BOS,DXB,2015-02-05,19	
BOS,DXB,2015-02-06,13	
BOS,DXB,2015-02-07,14	
BOS,DXB,2015-02-08,4	
BOS,DXB,2015-02-09,8	
BOS,DXB,2015-02-10,6	
BOS,DXB,2015-02-11,5	
BOS,DXB,2015-02-12,13	
BOS,DXB,2015-02-13,8	
BOS,DXB,2015-02-14,10	
BOS,DXB,2015-02-15,13	
BOS,DXB,2015-02-16,7	
BOS,DXB,2015-02-17,6	
BOS,DXB,2015-02-18,7	
BOS,DXB,2015-02-19,13	
BOS,DXB,2015-02-20,18	
BOS,DXB,2015-02-21,15	
BOS,DXB,2015-02-22,7	
BOS,DXB,2015-02-23,5	
BOS,DXB,2015-02-24,6	
BOS,DXB,2015-02-25,13	
BOS,DXB,2015-02-26,8	
BOS,DXB,2015-02-27,11	
BOS,DXB,2015-02-28,14	
BOS,DXB,2015-03-01,19	
BOS,DXB,2015-03-02,12	
BOS,DXB,2015-03-03,6	
BOS,DXB,2015-03-04,14	
BOS,DXB,2015-03-05,16	
BOS,DXB,2015-03-06,23	
BOS,DXB,2015-03-07,9	
BOS,DXB,2015-03-08,11	
BOS,DXB,2015-03-09,6	
BOS,DXB,2015-03-10,9	
BOS,DXB,2015-03-11,8	
BOS,DXB,2015-03-12,9	
BOS,DXB,2015-03-13,24	
BOS,DXB,2015-03-14,13	
BOS,DXB,2015-03-15,18	
BOS,DXB,2015-03-16,9	
BOS,DXB,2015-03-17,17	
BOS,DXB,2015-03-18,11	
BOS,DXB,2015-03-19,12	
BOS,DXB,2015-03-20,25	
BOS,DXB,2015-03-21,15	
BOS,DXB,2015-03-22,11	
BOS,DXB,2015-03-23,5	
BOS,DXB,2015-03-24,3	
BOS,DXB,2015-03-25,8	
BOS,DXB,2015-03-26,12	
BOS,DXB,2015-03-27,25	
BOS,DXB,2015-03-28,16	
BOS,DXB,2015-03-29,5	
BOS,DXB,2015-03-30,7	
BOS,DXB,2015-03-31,4	
BOS,DXB,2015-04-01,3	
BOS,DXB,2015-04-02,13	
BOS,DXB,2015-04-03,14	
BOS,DXB,2015-04-04,6	
BOS,DXB,2015-04-05,10	
BOS,DXB,2015-04-06,6	
BOS,DXB,2015-04-07,6	
BOS,DXB,2015-04-08,9	
BOS,DXB,2015-04-09,8	
BOS,DXB,2015-04-10,18	
BOS,DXB,2015-04-11,7	
BOS,DXB,2015-04-12,12	
BOS,DXB,2015-04-13,4	
BOS,DXB,2015-04-14,8	
BOS,DXB,2015-04-15,17	
BOS,DXB,2015-04-16,13	
BOS,DXB,2015-04-17,16	
BOS,DXB,2015-04-18,12	
BOS,DXB,2015-04-19,9	
BOS,DXB,2015-04-20,6	
BOS,DXB,2015-04-21,11	
BOS,DXB,2015-04-22,11	
BOS,DXB,2015-04-23,13	
BOS,DXB,2015-04-24,11	
BOS,DXB,2015-04-25,6	
BOS,DXB,2015-04-26,11	
BOS,DXB,2015-04-27,7	
BOS,DXB,2015-04-28,11	
BOS,DXB,2015-04-29,2	
BOS,DXB,2015-04-30,20	
BOS,DXB,2015-05-01,24	
BOS,DXB,2015-05-02,11	
BOS,DXB,2015-05-03,13	
BOS,DXB,2015-05-04,5	
BOS,DXB,2015-05-05,5	
BOS,DXB,2015-05-06,6	
BOS,DXB,2015-05-07,20	
BOS,DXB,2015-05-08,32	
BOS,DXB,2015-05-09,12	
BOS,DXB,2015-05-10,22	
BOS,DXB,2015-05-11,10	
BOS,DXB,2015-05-12,15	
BOS,DXB,2015-05-13,17	
BOS,DXB,2015-05-14,16	
BOS,DXB,2015-05-15,18	
BOS,DXB,2015-05-16,15	
BOS,DXB,2015-05-17,17	
BOS,DXB,2015-05-18,17	
BOS,DXB,2015-05-19,19	
BOS,DXB,2015-05-20,19	
BOS,DXB,2015-05-21,27	
BOS,DXB,2015-05-22,12	
BOS,DXB,2015-05-23,18	
BOS,DXB,2015-05-24,10	
BOS,DXB,2015-05-25,17	
BOS,DXB,2015-05-26,12	
BOS,DXB,2015-05-27,18	
BOS,DXB,2015-05-28,20	
BOS,DXB,2015-05-29,22	
BOS,DXB,2015-05-30,20	
BOS,DXB,2015-05-31,11	
BOS,DXB,2015-06-01,8	
BOS,DXB,2015-06-02,9	
BOS,DXB,2015-06-03,15	
BOS,DXB,2015-06-04,20	
BOS,DXB,2015-06-05,24	
BOS,DXB,2015-06-06,26	
BOS,DXB,2015-06-07,23	
BOS,DXB,2015-06-08,25	
BOS,DXB,2015-06-09,30	
BOS,DXB,2015-06-10,32	
BOS,DXB,2015-06-11,29	
BOS,DXB,2015-06-12,23	
BOS,DXB,2015-06-13,18	
BOS,DXB,2015-06-14,23	
BOS,DXB,2015-06-15,15	
BOS,DXB,2015-06-16,12	
BOS,DXB,2015-06-17,8	
BOS,DXB,2015-06-18,23	
BOS,DXB,2015-06-19,13	
BOS,DXB,2015-06-20,15	
BOS,DXB,2015-06-21,9	
BOS,DXB,2015-06-22,13	
BOS,DXB,2015-06-23,7	
BOS,DXB,2015-06-24,3	
BOS,DXB,2015-06-25,9	
BOS,DXB,2015-06-26,13	
BOS,DXB,2015-06-27,21	
BOS,DXB,2015-06-28,17	
BOS,DXB,2015-06-29,10	
BOS,DXB,2015-06-30,10	
BOS,DXB,2015-07-01,11	
BOS,DXB,2015-07-02,9	
BOS,DXB,2015-07-03,13	
BOS,DXB,2015-07-04,7	
BOS,DXB,2015-07-05,17	
BOS,DXB,2015-07-06,7	
BOS,DXB,2015-07-07,8	
BOS,DXB,2015-07-08,1	
BOS,DXB,2015-07-09,9	
BOS,DXB,2015-07-10,13	
BOS,DXB,2015-07-11,9	
BOS,DXB,2015-07-12,5	
BOS,DXB,2015-07-13,10	
BOS,DXB,2015-07-14,8	
BOS,DXB,2015-07-15,3	
BOS,DXB,2015-07-16,9	
BOS,DXB,2015-07-17,16	
BOS,DXB,2015-07-18,14	
BOS,DXB,2015-07-19,17	
BOS,DXB,2015-07-20,6	
BOS,DXB,2015-07-21,5	
BOS,DXB,2015-07-22,7	
BOS,DXB,2015-07-23,19	
BOS,DXB,2015-07-24,20	
BOS,DXB,2015-07-25,21	
BOS,DXB,2015-07-26,10	
BOS,DXB,2015-07-27,6	
BOS,DXB,2015-07-28,3	
BOS,DXB,2015-07-29,3	
BOS,DXB,2015-07-30,17	
BOS,DXB,2015-07-31,21	
BOS,DXB,2015-08-01,14	
BOS,DXB,2015-08-02,13	
BOS,DXB,2015-08-03,9	
BOS,DXB,2015-08-04,11	
BOS,DXB,2015-08-05,10	
BOS,DXB,2015-08-06,18	
BOS,DXB,2015-08-07,14	
BOS,DXB,2015-08-08,16	
BOS,DXB,2015-08-09,10	
BOS,DXB,2015-08-10,17	
BOS,DXB,2015-08-11,11	
BOS,DXB,2015-08-12,16	
BOS,DXB,2015-08-13,16	
BOS,DXB,2015-08-14,20	
BOS,DXB,2015-08-15,17	
BOS,DXB,2015-08-16,7	
BOS,DXB,2015-08-17,8	
BOS,DXB,2015-08-18,8	
BOS,DXB,2015-08-19,4	
BOS,DXB,2015-08-20,18	
BOS,DXB,2015-08-21,22	
BOS,DXB,2015-08-22,16	
BOS,DXB,2015-08-23,16	
BOS,DXB,2015-08-24,15	
BOS,DXB,2015-08-25,12	
BOS,DXB,2015-08-26,18	
BOS,DXB,2015-08-27,19	
BOS,DXB,2015-08-28,21	
BOS,DXB,2015-08-29,22	
BOS,DXB,2015-08-30,18	
BOS,DXB,2015-08-31,21	
BOS,DXB,2015-09-01,11	
BOS,DXB,2015-09-02,15	
BOS,DXB,2015-09-03,25	
BOS,DXB,2015-09-04,18	
BOS,DXB,2015-09-05,16	
BOS,DXB,2015-09-06,16	
BOS,DXB,2015-09-07,16	
BOS,DXB,2015-09-08,15	
BOS,DXB,2015-09-09,9	
BOS,DXB,2015-09-10,31	
BOS,DXB,2015-09-11,28	
BOS,DXB,2015-09-12,19	
BOS,DXB,2015-09-13,16	
BOS,DXB,2015-09-14,18	
BOS,DXB,2015-09-15,14	
BOS,DXB,2015-09-16,11	
BOS,DXB,2015-09-17,6	
BOS,DXB,2015-09-18,27	
BOS,DXB,2015-09-19,11	
BOS,DXB,2015-09-20,15	
BOS,DXB,2015-09-21,6	
BOS,DXB,2015-09-22,4	
BOS,DXB,2015-09-23,8	
BOS,DXB,2015-09-24,12	
BOS,DXB,2015-09-25,19	
BOS,DXB,2015-09-26,17	
BOS,DXB,2015-09-27,22	
BOS,DXB,2015-09-28,18	
BOS,DXB,2015-09-29,15	
BOS,DXB,2015-09-30,20	
BOS,DXB,2015-10-01,25	
BOS,DXB,2015-10-02,26	
BOS,DXB,2015-10-03,29	
BOS,DXB,2015-10-04,23	
BOS,DXB,2015-10-05,14	
BOS,DXB,2015-10-06,23	
BOS,DXB,2015-10-07,7	
BOS,DXB,2015-10-08,11	
BOS,DXB,2015-10-09,24	
BOS,DXB,2015-10-10,25	
BOS,DXB,2015-10-11,22	
BOS,DXB,2015-10-12,21	
BOS,DXB,2015-10-13,9	
BOS,DXB,2015-10-14,15	
BOS,DXB,2015-10-15,17	
BOS,DXB,2015-10-16,33	
BOS,DXB,2015-10-17,33	
BOS,DXB,2015-10-18,28	
BOS,DXB,2015-10-19,12	
BOS,DXB,2015-10-20,19	
BOS,DXB,2015-10-21,10	
BOS,DXB,2015-10-22,19	
BOS,DXB,2015-10-23,40	
BOS,DXB,2015-10-24,30	
BOS,DXB,2015-10-25,31	
BOS,DXB,2015-10-26,15	
BOS,DXB,2015-10-27,12	
BOS,DXB,2015-10-28,22	
BOS,DXB,2015-10-29,21	
BOS,DXB,2015-10-30,18	
BOS,DXB,2015-10-31,23	
BOS,DXB,2015-11-01,24	
BOS,DXB,2015-11-02,16	
BOS,DXB,2015-11-03,24	
BOS,DXB,2015-11-04,14	
BOS,DXB,2015-11-05,15	
BOS,DXB,2015-11-06,24	
BOS,DXB,2015-11-07,17	
BOS,DXB,2015-11-08,25	
BOS,DXB,2015-11-09,16	
BOS,DXB,2015-11-10,12	
BOS,DXB,2015-11-11,10	
BOS,DXB,2015-11-12,16	
BOS,DXB,2015-11-13,25	
BOS,DXB,2015-11-14,23	
BOS,DXB,2015-11-15,10	
BOS,DXB,2015-11-16,15	
BOS,DXB,2015-11-17,8	
BOS,DXB,2015-11-18,6	
BOS,DXB,2015-11-19,21	
BOS,DXB,2015-11-20,30	
BOS,DXB,2015-11-21,20	
BOS,DXB,2015-11-22,12	
BOS,DXB,2015-11-23,3	
BOS,DXB,2015-11-24,8	
BOS,DXB,2015-11-25,1	
BOS,DXB,2015-11-26,8	
BOS,DXB,2015-11-27,13	
BOS,DXB,2015-11-28,12	
BOS,DXB,2015-11-29,20	
BOS,DXB,2015-11-30,12	
BOS,DXB,2015-12-01,14	
BOS,DXB,2015-12-02,7	
BOS,DXB,2015-12-03,17	
BOS,DXB,2015-12-04,32	
BOS,DXB,2015-12-05,25	
BOS,DXB,2015-12-06,15	
BOS,DXB,2015-12-07,6	
BOS,DXB,2015-12-08,14	
BOS,DXB,2015-12-09,8	
BOS,DXB,2015-12-10,29	
BOS,DXB,2015-12-11,34	
BOS,DXB,2015-12-12,24	
BOS,DXB,2015-12-13,13	
BOS,DXB,2015-12-14,15	
BOS,DXB,2015-12-15,17	
BOS,DXB,2015-12-16,41	
BOS,DXB,2015-12-17,28	
BOS,DXB,2015-12-18,33	
BOS,DXB,2015-12-19,50	
BOS,DXB,2015-12-20,31	
BOS,DXB,2015-12-21,24	
BOS,DXB,2015-12-22,19	
BOS,DXB,2015-12-23,13	
BOS,DXB,2015-12-24,7	
BOS,DXB,2015-12-25,13	
BOS,DXB,2015-12-26,13	
BOS,DXB,2015-12-27,8	
BOS,DXB,2015-12-28,4	
BOS,DXB,2015-12-29,8	
BOS,DXB,2015-12-30,8	
BOS,DXB,2015-12-31,3	
BOS,DXB,2016-01-01,11	
BOS,DXB,2016-01-02,17	
BOS,DXB,2016-01-03,14	
BOS,DXB,2016-01-04,17	
BOS,DXB,2016-01-05,12	
BOS,DXB,2016-01-06,13	
BOS,DXB,2016-01-07,14	
BOS,DXB,2016-01-08,22	
BOS,DXB,2016-01-09,24	
BOS,DXB,2016-01-10,11	
BOS,DXB,2016-01-11,10	
BOS,DXB,2016-01-12,7	
BOS,DXB,2016-01-13,13	
BOS,DXB,2016-01-14,18	
BOS,DXB,2016-01-15,35	
BOS,DXB,2016-01-16,26	
BOS,DXB,2016-01-17,11	
BOS,DXB,2016-01-18,16	
BOS,DXB,2016-01-19,7	
BOS,DXB,2016-01-20,7	
BOS,DXB,2016-01-21,19	
BOS,DXB,2016-01-22,26	
BOS,DXB,2016-01-23,16	
BOS,DXB,2016-01-24,8	
BOS,DXB,2016-01-25,6	
BOS,DXB,2016-01-26,9	
BOS,DXB,2016-01-27,8	
BOS,DXB,2016-01-28,14	
BOS,DXB,2016-01-29,14	
BOS,DXB,2016-01-30,23	
BOS,DXB,2016-01-31,21	
BOS,DXB,2016-02-01,9	
BOS,DXB,2016-02-02,8	
BOS,DXB,2016-02-03,6	
BOS,DXB,2016-02-04,15	
BOS,DXB,2016-02-05,24	
BOS,DXB,2016-02-06,16	
BOS,DXB,2016-02-07,17	
BOS,DXB,2016-02-08,16	
BOS,DXB,2016-02-09,11	
BOS,DXB,2016-02-10,23	
BOS,DXB,2016-02-11,20	
BOS,DXB,2016-02-12,27	
BOS,DXB,2016-02-13,21	
BOS,DXB,2016-02-14,13	
BOS,DXB,2016-02-15,18	
BOS,DXB,2016-02-16,2	
BOS,DXB,2016-02-17,10	
BOS,DXB,2016-02-18,9	
BOS,DXB,2016-02-19,25	
BOS,DXB,2016-02-20,16	
BOS,DXB,2016-02-21,15	
BOS,DXB,2016-02-22,8	
BOS,DXB,2016-02-23,13	
BOS,DXB,2016-02-24,12	
BOS,DXB,2016-02-25,22	
BOS,DXB,2016-02-26,22	
BOS,DXB,2016-02-27,34	
BOS,DXB,2016-02-28,13	
BOS,DXB,2016-02-29,12	
BOS,DXB,2016-03-01,9	
BOS,DXB,2016-03-02,10	
BOS,DXB,2016-03-03,20	
BOS,DXB,2016-03-04,21	
BOS,DXB,2016-03-05,23	
BOS,DXB,2016-03-06,8	
BOS,DXB,2016-03-07,2	
BOS,DXB,2016-03-08,18	
BOS,DXB,2016-03-09,18	
BOS,DXB,2016-03-10,29	
BOS,DXB,2016-03-11,37	
BOS,DXB,2016-03-12,39	
BOS,DXB,2016-03-13,13	
BOS,DXB,2016-03-14,12	
BOS,DXB,2016-03-15,9	
BOS,DXB,2016-03-16,11	
BOS,DXB,2016-03-17,15	
BOS,DXB,2016-03-18,27	
BOS,DXB,2016-03-19,18	
BOS,DXB,2016-03-20,19	
BOS,DXB,2016-03-21,14	
BOS,DXB,2016-03-22,7	
BOS,DXB,2016-03-23,8	
BOS,DXB,2016-03-24,16	
BOS,DXB,2016-03-25,26	
BOS,DXB,2016-03-26,9	
BOS,DXB,2016-03-27,6	
BOS,DXB,2016-03-28,7	
BOS,DXB,2016-03-29,9	
BOS,DXB,2016-03-30,2	
BOS,DXB,2016-03-31,19	
BOS,DXB,2016-04-01,24	
BOS,DXB,2016-04-02,27	
BOS,DXB,2016-04-03,14	
BOS,DXB,2016-04-04,17	
BOS,DXB,2016-04-05,19	
BOS,DXB,2016-04-06,13	
BOS,DXB,2016-04-07,9	
BOS,DXB,2016-04-08,38	
BOS,DXB,2016-04-09,17	
BOS,DXB,2016-04-10,21	
BOS,DXB,2016-04-11,11	
BOS,DXB,2016-04-12,7	
BOS,DXB,2016-04-13,9	
BOS,DXB,2016-04-14,20	
BOS,DXB,2016-04-15,22	
BOS,DXB,2016-04-16,11	
BOS,DXB,2016-04-17,15	
BOS,DXB,2016-04-18,11	
BOS,DXB,2016-04-19,10	
BOS,DXB,2016-04-20,18	
BOS,DXB,2016-04-21,24	
BOS,DXB,2016-04-22,11	
BOS,DXB,2016-04-23,18	
BOS,DXB,2016-04-24,22	
BOS,DXB,2016-04-25,14	
BOS,DXB,2016-04-26,4	
BOS,DXB,2016-04-27,9	
BOS,DXB,2016-04-28,16	
BOS,DXB,2016-04-29,24	
BOS,DXB,2016-04-30,36	
BOS,DXB,2016-05-01,17	
BOS,DXB,2016-05-02,14	
BOS,DXB,2016-05-03,12	
BOS,DXB,2016-05-04,10	
BOS,DXB,2016-05-05,11	
BOS,DXB,2016-05-06,18	
BOS,DXB,2016-05-07,43	
BOS,DXB,2016-05-08,29	
BOS,DXB,2016-05-09,6	
BOS,DXB,2016-05-10,15	
BOS,DXB,2016-05-11,19	
BOS,DXB,2016-05-12,22	
BOS,DXB,2016-05-13,32	
BOS,DXB,2016-05-14,25	
BOS,DXB,2016-05-15,26	
BOS,DXB,2016-05-16,19	
BOS,DXB,2016-05-17,12	
BOS,DXB,2016-05-18,20	
BOS,DXB,2016-05-19,25	
BOS,DXB,2016-05-20,37	
BOS,DXB,2016-05-21,27	
BOS,DXB,2016-05-22,21	
BOS,DXB,2016-05-23,19	
BOS,DXB,2016-05-24,21	
BOS,DXB,2016-05-25,14	
BOS,DXB,2016-05-26,14	
BOS,DXB,2016-05-27,34	
BOS,DXB,2016-05-28,37	
BOS,DXB,2016-05-29,12	
BOS,DXB,2016-05-30,11	
BOS,DXB,2016-05-31,19	
BOS,DXB,2016-06-01,15	
BOS,DXB,2016-06-02,30	
BOS,DXB,2016-06-03,31	
BOS,DXB,2016-06-04,28	
BOS,DXB,2016-06-05,20	
BOS,DXB,2016-06-06,9	
BOS,DXB,2016-06-07,13	
BOS,DXB,2016-06-08,16	
BOS,DXB,2016-06-09,17	
BOS,DXB,2016-06-10,24	
BOS,DXB,2016-06-11,24	
BOS,DXB,2016-06-12,19	
BOS,DXB,2016-06-13,9	
BOS,DXB,2016-06-14,8	
BOS,DXB,2016-06-15,16	
BOS,DXB,2016-06-16,15	
BOS,DXB,2016-06-17,19	
BOS,DXB,2016-06-18,18	
BOS,DXB,2016-06-19,12	
BOS,DXB,2016-06-20,24	
BOS,DXB,2016-06-21,9	
BOS,DXB,2016-06-22,13	
BOS,DXB,2016-06-23,15	
BOS,DXB,2016-06-24,25	
BOS,DXB,2016-06-25,15	
BOS,DXB,2016-06-26,14	
BOS,DXB,2016-06-27,6	
BOS,DXB,2016-06-28,15	
BOS,DXB,2016-06-29,7	
BOS,DXB,2016-06-30,17	
BOS,DXB,2016-07-01,17	
BOS,DXB,2016-07-02,10	
BOS,DXB,2016-07-03,4	
BOS,DXB,2016-07-04,9	
BOS,DXB,2016-07-05,9	
BOS,DXB,2016-07-06,5	
BOS,DXB,2016-07-07,7	
BOS,DXB,2016-07-08,24	
BOS,DXB,2016-07-09,15	
BOS,DXB,2016-07-10,20	
BOS,DXB,2016-07-11,10	
BOS,DXB,2016-07-12,10	
BOS,DXB,2016-07-13,11	
BOS,DXB,2016-07-14,17	
BOS,DXB,2016-07-15,24	
BOS,DXB,2016-07-16,11	
BOS,DXB,2016-07-17,15	
BOS,DXB,2016-07-18,16	
BOS,DXB,2016-07-19,6	
BOS,DXB,2016-07-20,15	
BOS,DXB,2016-07-21,13	
BOS,DXB,2016-07-22,21	
BOS,DXB,2016-07-23,20	
BOS,DXB,2016-07-24,15	
BOS,DXB,2016-07-25,17	
BOS,DXB,2016-07-26,6	
BOS,DXB,2016-07-27,7	
BOS,DXB,2016-07-28,11	
BOS,DXB,2016-07-29,19	
BOS,DXB,2016-07-30,17	
BOS,DXB,2016-07-31,17	
BOS,DXB,2016-08-01,14	
BOS,DXB,2016-08-02,12	
BOS,DXB,2016-08-03,3	
BOS,DXB,2016-08-04,8	
BOS,DXB,2016-08-05,23	
BOS,DXB,2016-08-06,20	
BOS,DXB,2016-08-07,17	
BOS,DXB,2016-08-08,19	
BOS,DXB,2016-08-09,8	
BOS,DXB,2016-08-10,9	
BOS,DXB,2016-08-11,9	
BOS,DXB,2016-08-12,25	
BOS,DXB,2016-08-13,20	
BOS,DXB,2016-08-14,22	
BOS,DXB,2016-08-15,16	
BOS,DXB,2016-08-16,6	
BOS,DXB,2016-08-17,13	
BOS,DXB,2016-08-18,14	
BOS,DXB,2016-08-19,18	
BOS,DXB,2016-08-20,18	
BOS,DXB,2016-08-21,16	
BOS,DXB,2016-08-22,16	
BOS,DXB,2016-08-23,3	
BOS,DXB,2016-08-24,14	
BOS,DXB,2016-08-25,16	
BOS,DXB,2016-08-26,24	
BOS,DXB,2016-08-27,16	
BOS,DXB,2016-08-28,21	
BOS,DXB,2016-08-29,12	
BOS,DXB,2016-08-30,20	
BOS,DXB,2016-08-31,15	
BOS,DXB,2016-09-01,30	
BOS,DXB,2016-09-02,27	
BOS,DXB,2016-09-03,18	
BOS,DXB,2016-09-04,13	
BOS,DXB,2016-09-05,25	
BOS,DXB,2016-09-06,23	
BOS,DXB,2016-09-07,19	
BOS,DXB,2016-09-08,10	
BOS,DXB,2016-09-09,14	
BOS,DXB,2016-09-10,22	
BOS,DXB,2016-09-11,22	
BOS,DXB,2016-09-12,12	
BOS,DXB,2016-09-13,20	
BOS,DXB,2016-09-14,20	
BOS,DXB,2016-09-15,30	
BOS,DXB,2016-09-16,37	
BOS,DXB,2016-09-17,29	
BOS,DXB,2016-09-18,24	
BOS,DXB,2016-09-19,16	
BOS,DXB,2016-09-20,16	
BOS,DXB,2016-09-21,14	
BOS,DXB,2016-09-22,23	
BOS,DXB,2016-09-23,29	
BOS,DXB,2016-09-24,26	
BOS,DXB,2016-09-25,20	
BOS,DXB,2016-09-26,9	
BOS,DXB,2016-09-27,18	
BOS,DXB,2016-09-28,21	
BOS,DXB,2016-09-29,15	
BOS,DXB,2016-09-30,20	
BOS,DXB,2016-10-01,13	
BOS,DXB,2016-10-02,15	
BOS,DXB,2016-10-03,2	
BOS,DXB,2016-10-04,4	
BOS,DXB,2016-10-05,12	
BOS,DXB,2016-10-06,16	
BOS,DXB,2016-10-07,23	
BOS,DXB,2016-10-08,8	
BOS,DXB,2016-10-09,10	
BOS,DXB,2016-10-10,12	
BOS,DXB,2016-10-11,5	
BOS,DXB,2016-10-12,7	
BOS,DXB,2016-10-13,11	
BOS,DXB,2016-10-14,12	
BOS,DXB,2016-10-15,13	
BOS,DXB,2016-10-16,19	
BOS,DXB,2016-10-17,8	
BOS,DXB,2016-10-18,7	
BOS,DXB,2016-10-19,9	
BOS,DXB,2016-10-20,18	
BOS,DXB,2016-10-21,14	
BOS,DXB,2016-10-22,13	
BOS,DXB,2016-10-23,13	
BOS,DXB,2016-10-24,9	
BOS,DXB,2016-10-25,7	
BOS,DXB,2016-10-26,12	
BOS,DXB,2016-10-27,14	
BOS,DXB,2016-10-28,16	
BOS,DXB,2016-10-29,7	
BOS,DXB,2016-10-30,15	
BOS,DXB,2016-10-31,3	
BOS,DXB,2016-11-01,8	
BOS,DXB,2016-11-02,5	
BOS,DXB,2016-11-03,2	
BOS,DXB,2016-11-04,6	
BOS,DXB,2016-11-05,10	
BOS,DXB,2016-11-06,8	
BOS,DXB,2016-11-07,1	
BOS,DXB,2016-11-08,3	
BOS,DXB,2016-11-09,2	
BOS,DXB,2016-11-10,6	
BOS,DXB,2016-11-11,5	
BOS,DXB,2016-11-12,6	
BOS,DXB,2016-11-13,2	
BOS,DXB,2016-11-14,6	
BOS,DXB,2016-11-15,7	
BOS,DXB,2016-11-16,10	
BOS,DXB,2016-11-17,3	
BOS,DXB,2016-11-18,11	
BOS,DXB,2016-11-19,6	
BOS,DXB,2016-11-22,2	
BOS,DXB,2016-11-23,3	
BOS,DXB,2016-11-24,2	
BOS,DXB,2016-11-26,4	
BOS,DXB,2016-11-27,2	
BOS,DXB,2016-11-28,9	
BOS,DXB,2016-11-29,7	
BOS,DXB,2016-11-30,2	
BOS,DXB,2016-12-01,3	
BOS,DXB,2016-12-02,1	
BOS,DXB,2016-12-03,3	
BOS,DXB,2016-12-04,4	
BOS,DXB,2016-12-05,2	
BOS,DXB,2016-12-09,4	
BOS,DXB,2016-12-10,3	
BOS,DXB,2016-12-11,4	
BOS,DXB,2016-12-14,4	
BOS,DXB,2016-12-15,7	
BOS,DXB,2016-12-16,21	
BOS,DXB,2016-12-17,8	
BOS,DXB,2016-12-18,8	
BOS,DXB,2016-12-19,10	
BOS,DXB,2016-12-20,13	
BOS,DXB,2016-12-21,14	
BOS,DXB,2016-12-22,12	
BOS,DXB,2016-12-23,8	
BOS,DXB,2016-12-24,2	
BOS,DXB,2016-12-25,1	
BOS,DXB,2016-12-26,2	
BOS,DXB,2016-12-29,1	
BOS,DXB,2016-12-30,1	
BOS,DXB,2016-12-31,2	
BOS,DXB,2017-01-01,3	
BOS,DXB,2017-01-02,2	
BOS,DXB,2017-01-03,2	
BOS,DXB,2017-01-04,1	
BOS,DXB,2017-01-05,4	
BOS,DXB,2017-01-06,3	
BOS,DXB,2017-01-08,2	
BOS,DXB,2017-01-10,3	
BOS,DXB,2017-01-12,3	
BOS,DXB,2017-01-16,1	
BOS,DXB,2017-01-17,1	
BOS,DXB,2017-01-19,1	
BOS,DXB,2017-01-20,1	
BOS,DXB,2017-01-21,1	
BOS,DXB,2017-01-24,1	
BOS,DXB,2017-01-28,1	
BOS,DXB,2017-02-02,1	
BOS,DXB,2017-02-03,1	
BOS,DXB,2017-02-06,1	
BOS,DXB,2017-02-17,2	
BOS,DXB,2017-02-19,1	
BOS,DXB,2017-02-25,1	
BOS,DXB,2017-03-02,1	
BOS,DXB,2017-03-03,3	
BOS,DXB,2017-03-04,4	
BOS,DXB,2017-03-05,1	
BOS,DXB,2017-03-07,1	
BOS,DXB,2017-03-08,1	
BOS,DXB,2017-03-10,1	
BOS,DXB,2017-03-17,1	
BOS,DXB,2017-03-24,1	
BOS,DXB,2017-03-31,1	
BOS,DXB,2017-04-09,1	
BOS,DXB,2017-04-15,1	
BOS,DXB,2017-04-16,1	
BOS,DXB,2017-04-28,1	
BOS,DXB,2017-05-13,1	
BOS,DXB,2017-05-21,1	
BOS,DXB,2017-05-22,1	
BOS,DXB,2017-06-01,1	
BOS,DXB,2017-06-02,2	
BOS,DXB,2017-06-15,1	
BOS,DXB,2017-06-19,1	
BOS,DXB,2017-06-30,1	
BOS,DXB,2017-07-01,2	
BOS,DXB,2017-07-07,1	
BOS,DXB,2017-07-10,1	
BOS,DXB,2017-07-20,1	
BOS,DXB,2017-08-02,1	
BOS,DXB,2017-08-12,2	
LAX,DXB,2008-08-05,3	
LAX,DXB,2008-09-02,1	
LAX,DXB,2008-09-03,1	
LAX,DXB,2008-09-04,1	
LAX,DXB,2008-09-07,1	
LAX,DXB,2008-10-02,2	
LAX,DXB,2008-10-05,2	
LAX,DXB,2008-10-26,4	
LAX,DXB,2008-10-29,1	
LAX,DXB,2008-10-31,5	
LAX,DXB,2008-11-02,3	
LAX,DXB,2008-11-05,4	
LAX,DXB,2008-11-07,8	
LAX,DXB,2008-11-09,3	
LAX,DXB,2008-11-12,10	
LAX,DXB,2008-11-14,21	
LAX,DXB,2008-11-16,3	
LAX,DXB,2008-11-19,5	
LAX,DXB,2008-11-21,5	
LAX,DXB,2008-11-23,6	
LAX,DXB,2008-11-26,17	
LAX,DXB,2008-11-28,4	
LAX,DXB,2008-11-30,3	
LAX,DXB,2008-12-03,8	
LAX,DXB,2008-12-05,1	
LAX,DXB,2008-12-07,3	
LAX,DXB,2008-12-10,10	
LAX,DXB,2008-12-12,8	
LAX,DXB,2008-12-14,4	
LAX,DXB,2008-12-17,5	
LAX,DXB,2008-12-19,1	
LAX,DXB,2008-12-21,2	
LAX,DXB,2008-12-22,2	
LAX,DXB,2008-12-24,1	
LAX,DXB,2008-12-28,1	
LAX,DXB,2008-12-31,5	
LAX,DXB,2009-01-02,10	
LAX,DXB,2009-01-04,3	
LAX,DXB,2009-01-07,7	
LAX,DXB,2009-01-09,5	
LAX,DXB,2009-01-11,6	
LAX,DXB,2009-01-14,4	
LAX,DXB,2009-01-16,9	
LAX,DXB,2009-01-18,3	
LAX,DXB,2009-01-21,1	
LAX,DXB,2009-01-23,5	
LAX,DXB,2009-01-25,3	
LAX,DXB,2009-01-28,5	
LAX,DXB,2009-01-30,2	
LAX,DXB,2009-02-01,2	
LAX,DXB,2009-02-04,8	
LAX,DXB,2009-02-06,4	
LAX,DXB,2009-02-08,13	
LAX,DXB,2009-02-11,5	
LAX,DXB,2009-02-13,1	
LAX,DXB,2009-02-15,5	
LAX,DXB,2009-02-18,2	
LAX,DXB,2009-02-20,3	
LAX,DXB,2009-02-22,1	
LAX,DXB,2009-02-25,5	
LAX,DXB,2009-02-27,3	
LAX,DXB,2009-03-01,3	
LAX,DXB,2009-03-04,5	
LAX,DXB,2009-03-06,2	
LAX,DXB,2009-03-08,7	
LAX,DXB,2009-03-11,2	
LAX,DXB,2009-03-13,1	
LAX,DXB,2009-03-15,5	
LAX,DXB,2009-03-18,8	
LAX,DXB,2009-03-20,19	
LAX,DXB,2009-03-22,6	
LAX,DXB,2009-03-25,7	
LAX,DXB,2009-03-27,4	
LAX,DXB,2009-03-29,3	
LAX,DXB,2009-04-01,10	
LAX,DXB,2009-04-03,16	
LAX,DXB,2009-04-05,3	
LAX,DXB,2009-04-08,6	
LAX,DXB,2009-04-10,4	
LAX,DXB,2009-04-12,6	
LAX,DXB,2009-04-15,1	
LAX,DXB,2009-04-17,12	
LAX,DXB,2009-04-19,3	
LAX,DXB,2009-04-22,6	
LAX,DXB,2009-04-24,3	
LAX,DXB,2009-04-26,3	
LAX,DXB,2009-04-29,7	
LAX,DXB,2009-05-01,3	
LAX,DXB,2009-05-02,6	
LAX,DXB,2009-05-03,1	
LAX,DXB,2009-05-04,3	
LAX,DXB,2009-05-05,4	
LAX,DXB,2009-05-07,4	
LAX,DXB,2009-05-08,3	
LAX,DXB,2009-05-09,1	
LAX,DXB,2009-05-10,2	
LAX,DXB,2009-05-11,2	
LAX,DXB,2009-05-12,2	
LAX,DXB,2009-05-13,8	
LAX,DXB,2009-05-14,6	
LAX,DXB,2009-05-15,6	
LAX,DXB,2009-05-16,3	
LAX,DXB,2009-05-17,4	
LAX,DXB,2009-05-18,5	
LAX,DXB,2009-05-19,1	
LAX,DXB,2009-05-20,2	
LAX,DXB,2009-05-21,4	
LAX,DXB,2009-05-22,6	
LAX,DXB,2009-05-23,4	
LAX,DXB,2009-05-24,1	
LAX,DXB,2009-05-25,4	
LAX,DXB,2009-05-26,4	
LAX,DXB,2009-05-27,3	
LAX,DXB,2009-05-28,3	
LAX,DXB,2009-05-29,3	
LAX,DXB,2009-05-30,1	
LAX,DXB,2009-05-31,2	
LAX,DXB,2009-06-01,4	
LAX,DXB,2009-06-02,2	
LAX,DXB,2009-06-03,7	
LAX,DXB,2009-06-04,2	
LAX,DXB,2009-06-05,6	
LAX,DXB,2009-06-07,3	
LAX,DXB,2009-06-08,8	
LAX,DXB,2009-06-09,3	
LAX,DXB,2009-06-10,3	
LAX,DXB,2009-06-11,1	
LAX,DXB,2009-06-12,4	
LAX,DXB,2009-06-13,3	
LAX,DXB,2009-06-14,7	
LAX,DXB,2009-06-15,1	
LAX,DXB,2009-06-16,3	
LAX,DXB,2009-06-17,3	
LAX,DXB,2009-06-18,6	
LAX,DXB,2009-06-19,3	
LAX,DXB,2009-06-20,3	
LAX,DXB,2009-06-21,2	
LAX,DXB,2009-06-22,2	
LAX,DXB,2009-06-23,4	
LAX,DXB,2009-06-24,12	
LAX,DXB,2009-06-25,6	
LAX,DXB,2009-06-26,2	
LAX,DXB,2009-06-27,3	
LAX,DXB,2009-06-28,1	
LAX,DXB,2009-06-29,4	
LAX,DXB,2009-07-01,4	
LAX,DXB,2009-07-02,2	
LAX,DXB,2009-07-03,1	
LAX,DXB,2009-07-05,7	
LAX,DXB,2009-07-06,1	
LAX,DXB,2009-07-07,3	
LAX,DXB,2009-07-08,1	
LAX,DXB,2009-07-09,3	
LAX,DXB,2009-07-10,3	
LAX,DXB,2009-07-11,3	
LAX,DXB,2009-07-12,1	
LAX,DXB,2009-07-13,5	
LAX,DXB,2009-07-14,5	
LAX,DXB,2009-07-15,3	
LAX,DXB,2009-07-16,11	
LAX,DXB,2009-07-17,3	
LAX,DXB,2009-07-18,2	
LAX,DXB,2009-07-19,3	
LAX,DXB,2009-07-20,3	
LAX,DXB,2009-07-21,1	
LAX,DXB,2009-07-22,2	
LAX,DXB,2009-07-23,7	
LAX,DXB,2009-07-24,5	
LAX,DXB,2009-07-25,3	
LAX,DXB,2009-07-26,4	
LAX,DXB,2009-07-27,4	
LAX,DXB,2009-07-28,2	
LAX,DXB,2009-07-29,5	
LAX,DXB,2009-07-30,1	
LAX,DXB,2009-07-31,12	
LAX,DXB,2009-08-01,5	
LAX,DXB,2009-08-02,4	
LAX,DXB,2009-08-03,6	
LAX,DXB,2009-08-04,2	
LAX,DXB,2009-08-05,1	
LAX,DXB,2009-08-06,11	
LAX,DXB,2009-08-07,5	
LAX,DXB,2009-08-08,5	
LAX,DXB,2009-08-09,2	
LAX,DXB,2009-08-10,6	
LAX,DXB,2009-08-11,3	
LAX,DXB,2009-08-12,13	
LAX,DXB,2009-08-13,5	
LAX,DXB,2009-08-14,3	
LAX,DXB,2009-08-15,4	
LAX,DXB,2009-08-16,7	
LAX,DXB,2009-08-17,3	
LAX,DXB,2009-08-18,5	
LAX,DXB,2009-08-19,4	
LAX,DXB,2009-08-20,4	
LAX,DXB,2009-08-21,4	
LAX,DXB,2009-08-22,5	
LAX,DXB,2009-08-23,7	
LAX,DXB,2009-08-24,4	
LAX,DXB,2009-08-25,4	
LAX,DXB,2009-08-26,3	
LAX,DXB,2009-08-27,1	
LAX,DXB,2009-08-28,5	
LAX,DXB,2009-08-29,6	
LAX,DXB,2009-08-30,3	
LAX,DXB,2009-08-31,5	
LAX,DXB,2009-09-01,6	
LAX,DXB,2009-09-02,3	
LAX,DXB,2009-09-03,1	
LAX,DXB,2009-09-04,3	
LAX,DXB,2009-09-05,4	
LAX,DXB,2009-09-06,1	
LAX,DXB,2009-09-07,4	
LAX,DXB,2009-09-08,6	
LAX,DXB,2009-09-10,3	
LAX,DXB,2009-09-11,2	
LAX,DXB,2009-09-12,3	
LAX,DXB,2009-09-13,2	
LAX,DXB,2009-09-14,1	
LAX,DXB,2009-09-15,4	
LAX,DXB,2009-09-16,3	
LAX,DXB,2009-09-17,6	
LAX,DXB,2009-09-18,4	
LAX,DXB,2009-09-19,2	
LAX,DXB,2009-09-20,3	
LAX,DXB,2009-09-21,3	
LAX,DXB,2009-09-22,1	
LAX,DXB,2009-09-23,3	
LAX,DXB,2009-09-24,6	
LAX,DXB,2009-09-25,9	
LAX,DXB,2009-09-26,4	
LAX,DXB,2009-09-27,5	
LAX,DXB,2009-09-28,4	
LAX,DXB,2009-09-29,4	
LAX,DXB,2009-09-30,3	
LAX,DXB,2009-10-01,3	
LAX,DXB,2009-10-02,1	
LAX,DXB,2009-10-03,4	
LAX,DXB,2009-10-04,4	
LAX,DXB,2009-10-05,2	
LAX,DXB,2009-10-06,5	
LAX,DXB,2009-10-07,8	
LAX,DXB,2009-10-08,4	
LAX,DXB,2009-10-09,4	
LAX,DXB,2009-10-10,2	
LAX,DXB,2009-10-11,3	
LAX,DXB,2009-10-12,4	
LAX,DXB,2009-10-13,4	
LAX,DXB,2009-10-15,2	
LAX,DXB,2009-10-16,7	
LAX,DXB,2009-10-18,4	
LAX,DXB,2009-10-19,2	
LAX,DXB,2009-10-20,5	
LAX,DXB,2009-10-21,4	
LAX,DXB,2009-10-22,5	
LAX,DXB,2009-10-23,5	
LAX,DXB,2009-10-24,3	
LAX,DXB,2009-10-25,4	
LAX,DXB,2009-10-26,3	
LAX,DXB,2009-10-27,4	
LAX,DXB,2009-10-28,3	
LAX,DXB,2009-10-29,4	
LAX,DXB,2009-10-30,4	
LAX,DXB,2009-10-31,3	
LAX,DXB,2009-11-01,4	
LAX,DXB,2009-11-02,7	
LAX,DXB,2009-11-03,2	
LAX,DXB,2009-11-04,2	
LAX,DXB,2009-11-05,6	
LAX,DXB,2009-11-06,12	
LAX,DXB,2009-11-07,4	
LAX,DXB,2009-11-08,6	
LAX,DXB,2009-11-09,6	
LAX,DXB,2009-11-10,3	
LAX,DXB,2009-11-11,8	
LAX,DXB,2009-11-12,10	
LAX,DXB,2009-11-13,2	
LAX,DXB,2009-11-14,4	
LAX,DXB,2009-11-15,6	
LAX,DXB,2009-11-16,3	
LAX,DXB,2009-11-17,5	
LAX,DXB,2009-11-18,2	
LAX,DXB,2009-11-19,5	
LAX,DXB,2009-11-20,10	
LAX,DXB,2009-11-21,6	
LAX,DXB,2009-11-22,2	
LAX,DXB,2009-11-23,5	
LAX,DXB,2009-11-24,2	
LAX,DXB,2009-11-25,1	
LAX,DXB,2009-11-26,1	
LAX,DXB,2009-11-27,2	
LAX,DXB,2009-11-28,5	
LAX,DXB,2009-11-29,6	
LAX,DXB,2009-12-01,3	
LAX,DXB,2009-12-02,2	
LAX,DXB,2009-12-03,6	
LAX,DXB,2009-12-04,7	
LAX,DXB,2009-12-05,4	
LAX,DXB,2009-12-06,3	
LAX,DXB,2009-12-07,11	
LAX,DXB,2009-12-08,4	
LAX,DXB,2009-12-09,5	
LAX,DXB,2009-12-10,3	
LAX,DXB,2009-12-11,5	
LAX,DXB,2009-12-12,6	
LAX,DXB,2009-12-13,7	
LAX,DXB,2009-12-14,3	
LAX,DXB,2009-12-15,4	
LAX,DXB,2009-12-16,9	
LAX,DXB,2009-12-17,2	
LAX,DXB,2009-12-18,5	
LAX,DXB,2009-12-19,3	
LAX,DXB,2009-12-20,6	
LAX,DXB,2009-12-21,2	
LAX,DXB,2009-12-22,1	
LAX,DXB,2009-12-23,4	
LAX,DXB,2009-12-24,7	
LAX,DXB,2009-12-25,2	
LAX,DXB,2009-12-26,1	
LAX,DXB,2009-12-27,3	
LAX,DXB,2009-12-29,1	
LAX,DXB,2009-12-30,4	
LAX,DXB,2009-12-31,1	
LAX,DXB,2010-01-01,7	
LAX,DXB,2010-01-02,10	
LAX,DXB,2010-01-03,12	
LAX,DXB,2010-01-04,3	
LAX,DXB,2010-01-05,4	
LAX,DXB,2010-01-06,9	
LAX,DXB,2010-01-07,4	
LAX,DXB,2010-01-08,9	
LAX,DXB,2010-01-09,6	
LAX,DXB,2010-01-10,11	
LAX,DXB,2010-01-11,6	
LAX,DXB,2010-01-12,3	
LAX,DXB,2010-01-13,2	
LAX,DXB,2010-01-14,2	
LAX,DXB,2010-01-15,6	
LAX,DXB,2010-01-16,5	
LAX,DXB,2010-01-17,6	
LAX,DXB,2010-01-18,3	
LAX,DXB,2010-01-19,2	
LAX,DXB,2010-01-20,6	
LAX,DXB,2010-01-22,6	
LAX,DXB,2010-01-23,4	
LAX,DXB,2010-01-24,2	
LAX,DXB,2010-01-25,5	
LAX,DXB,2010-01-27,2	
LAX,DXB,2010-01-28,2	
LAX,DXB,2010-01-29,7	
LAX,DXB,2010-01-30,6	
LAX,DXB,2010-01-31,7	
LAX,DXB,2010-02-01,3	
LAX,DXB,2010-02-02,7	
LAX,DXB,2010-02-03,4	
LAX,DXB,2010-02-04,4	
LAX,DXB,2010-02-05,6	
LAX,DXB,2010-02-06,4	
LAX,DXB,2010-02-07,3	
LAX,DXB,2010-02-08,1	
LAX,DXB,2010-02-09,3	
LAX,DXB,2010-02-11,4	
LAX,DXB,2010-02-12,3	
LAX,DXB,2010-02-13,7	
LAX,DXB,2010-02-14,5	
LAX,DXB,2010-02-15,6	
LAX,DXB,2010-02-16,6	
LAX,DXB,2010-02-17,3	
LAX,DXB,2010-02-18,2	
LAX,DXB,2010-02-19,7	
LAX,DXB,2010-02-20,6	
LAX,DXB,2010-02-21,8	
LAX,DXB,2010-02-22,4	
LAX,DXB,2010-02-23,2	
LAX,DXB,2010-02-24,4	
LAX,DXB,2010-02-25,3	
LAX,DXB,2010-02-26,10	
LAX,DXB,2010-02-27,6	
LAX,DXB,2010-02-28,3	
LAX,DXB,2010-03-01,5	
LAX,DXB,2010-03-02,4	
LAX,DXB,2010-03-03,5	
LAX,DXB,2010-03-04,5	
LAX,DXB,2010-03-05,5	
LAX,DXB,2010-03-06,9	
LAX,DXB,2010-03-07,4	
LAX,DXB,2010-03-08,6	
LAX,DXB,2010-03-09,3	
LAX,DXB,2010-03-10,5	
LAX,DXB,2010-03-11,9	
LAX,DXB,2010-03-12,7	
LAX,DXB,2010-03-13,4	
LAX,DXB,2010-03-14,2	
LAX,DXB,2010-03-15,3	
LAX,DXB,2010-03-16,6	
LAX,DXB,2010-03-17,1	
LAX,DXB,2010-03-18,4	
LAX,DXB,2010-03-19,2	
LAX,DXB,2010-03-20,5	
LAX,DXB,2010-03-21,4	
LAX,DXB,2010-03-22,5	
LAX,DXB,2010-03-23,1	
LAX,DXB,2010-03-24,5	
LAX,DXB,2010-03-25,4	
LAX,DXB,2010-03-26,2	
LAX,DXB,2010-03-27,2	
LAX,DXB,2010-03-28,7	
LAX,DXB,2010-03-29,2	
LAX,DXB,2010-03-30,3	
LAX,DXB,2010-03-31,1	
LAX,DXB,2010-04-01,8	
LAX,DXB,2010-04-02,6	
LAX,DXB,2010-04-03,6	
LAX,DXB,2010-04-04,1	
LAX,DXB,2010-04-05,2	
LAX,DXB,2010-04-06,5	
LAX,DXB,2010-04-07,4	
LAX,DXB,2010-04-08,7	
LAX,DXB,2010-04-09,7	
LAX,DXB,2010-04-10,3	
LAX,DXB,2010-04-11,4	
LAX,DXB,2010-04-12,3	
LAX,DXB,2010-04-13,5	
LAX,DXB,2010-04-14,6	
LAX,DXB,2010-04-15,5	
LAX,DXB,2010-04-16,7	
LAX,DXB,2010-04-17,13	
LAX,DXB,2010-04-18,8	
LAX,DXB,2010-04-19,6	
LAX,DXB,2010-04-20,5	
LAX,DXB,2010-04-21,5	
LAX,DXB,2010-04-22,5	
LAX,DXB,2010-04-23,3	
LAX,DXB,2010-04-24,5	
LAX,DXB,2010-04-25,4	
LAX,DXB,2010-04-26,2	
LAX,DXB,2010-04-27,5	
LAX,DXB,2010-04-28,3	
LAX,DXB,2010-04-29,6	
LAX,DXB,2010-04-30,5	
LAX,DXB,2010-05-01,7	
LAX,DXB,2010-05-02,2	
LAX,DXB,2010-05-03,3	
LAX,DXB,2010-05-04,2	
LAX,DXB,2010-05-05,7	
LAX,DXB,2010-05-06,10	
LAX,DXB,2010-05-07,5	
LAX,DXB,2010-05-08,9	
LAX,DXB,2010-05-09,2	
LAX,DXB,2010-05-10,4	
LAX,DXB,2010-05-11,2	
LAX,DXB,2010-05-12,5	
LAX,DXB,2010-05-13,4	
LAX,DXB,2010-05-14,3	
LAX,DXB,2010-05-15,5	
LAX,DXB,2010-05-16,5	
LAX,DXB,2010-05-17,7	
LAX,DXB,2010-05-18,6	
LAX,DXB,2010-05-19,6	
LAX,DXB,2010-05-20,7	
LAX,DXB,2010-05-21,5	
LAX,DXB,2010-05-22,5	
LAX,DXB,2010-05-23,4	
LAX,DXB,2010-05-24,4	
LAX,DXB,2010-05-25,5	
LAX,DXB,2010-05-26,6	
LAX,DXB,2010-05-27,10	
LAX,DXB,2010-05-28,13	
LAX,DXB,2010-05-29,6	
LAX,DXB,2010-05-30,1	
LAX,DXB,2010-05-31,4	
LAX,DXB,2010-06-01,1	
LAX,DXB,2010-06-02,4	
LAX,DXB,2010-06-03,4	
LAX,DXB,2010-06-04,8	
LAX,DXB,2010-06-05,6	
LAX,DXB,2010-06-06,4	
LAX,DXB,2010-06-07,4	
LAX,DXB,2010-06-08,6	
LAX,DXB,2010-06-09,7	
LAX,DXB,2010-06-10,3	
LAX,DXB,2010-06-11,3	
LAX,DXB,2010-06-12,9	
LAX,DXB,2010-06-13,7	
LAX,DXB,2010-06-14,2	
LAX,DXB,2010-06-15,3	
LAX,DXB,2010-06-16,2	
LAX,DXB,2010-06-17,13	
LAX,DXB,2010-06-18,6	
LAX,DXB,2010-06-19,9	
LAX,DXB,2010-06-20,5	
LAX,DXB,2010-06-21,3	
LAX,DXB,2010-06-22,5	
LAX,DXB,2010-06-23,8	
LAX,DXB,2010-06-24,4	
LAX,DXB,2010-06-25,8	
LAX,DXB,2010-06-26,4	
LAX,DXB,2010-06-27,8	
LAX,DXB,2010-06-28,4	
LAX,DXB,2010-06-29,3	
LAX,DXB,2010-06-30,7	
LAX,DXB,2010-07-01,1	
LAX,DXB,2010-07-02,5	
LAX,DXB,2010-07-03,8	
LAX,DXB,2010-07-04,2	
LAX,DXB,2010-07-05,6	
LAX,DXB,2010-07-06,3	
LAX,DXB,2010-07-07,7	
LAX,DXB,2010-07-08,6	
LAX,DXB,2010-07-09,4	
LAX,DXB,2010-07-10,3	
LAX,DXB,2010-07-11,7	
LAX,DXB,2010-07-13,3	
LAX,DXB,2010-07-14,3	
LAX,DXB,2010-07-15,6	
LAX,DXB,2010-07-16,8	
LAX,DXB,2010-07-17,9	
LAX,DXB,2010-07-18,4	
LAX,DXB,2010-07-19,4	
LAX,DXB,2010-07-20,7	
LAX,DXB,2010-07-21,6	
LAX,DXB,2010-07-22,8	
LAX,DXB,2010-07-23,10	
LAX,DXB,2010-07-24,6	
LAX,DXB,2010-07-25,2	
LAX,DXB,2010-07-26,4	
LAX,DXB,2010-07-27,9	
LAX,DXB,2010-07-28,3	
LAX,DXB,2010-07-29,7	
LAX,DXB,2010-07-30,13	
LAX,DXB,2010-07-31,9	
LAX,DXB,2010-08-01,6	
LAX,DXB,2010-08-02,8	
LAX,DXB,2010-08-03,15	
LAX,DXB,2010-08-04,8	
LAX,DXB,2010-08-05,10	
LAX,DXB,2010-08-06,4	
LAX,DXB,2010-08-07,5	
LAX,DXB,2010-08-08,8	
LAX,DXB,2010-08-09,7	
LAX,DXB,2010-08-10,6	
LAX,DXB,2010-08-11,3	
LAX,DXB,2010-08-12,5	
LAX,DXB,2010-08-13,13	
LAX,DXB,2010-08-14,3	
LAX,DXB,2010-08-15,3	
LAX,DXB,2010-08-16,6	
LAX,DXB,2010-08-17,5	
LAX,DXB,2010-08-18,3	
LAX,DXB,2010-08-19,7	
LAX,DXB,2010-08-20,4	
LAX,DXB,2010-08-21,8	
LAX,DXB,2010-08-22,2	
LAX,DXB,2010-08-23,5	
LAX,DXB,2010-08-24,3	
LAX,DXB,2010-08-25,6	
LAX,DXB,2010-08-26,3	
LAX,DXB,2010-08-27,5	
LAX,DXB,2010-08-28,6	
LAX,DXB,2010-08-29,5	
LAX,DXB,2010-08-30,8	
LAX,DXB,2010-08-31,10	
LAX,DXB,2010-09-01,2	
LAX,DXB,2010-09-02,3	
LAX,DXB,2010-09-03,8	
LAX,DXB,2010-09-04,7	
LAX,DXB,2010-09-05,3	
LAX,DXB,2010-09-06,4	
LAX,DXB,2010-09-07,3	
LAX,DXB,2010-09-08,6	
LAX,DXB,2010-09-09,4	
LAX,DXB,2010-09-10,2	
LAX,DXB,2010-09-11,9	
LAX,DXB,2010-09-12,3	
LAX,DXB,2010-09-13,4	
LAX,DXB,2010-09-14,1	
LAX,DXB,2010-09-15,4	
LAX,DXB,2010-09-16,4	
LAX,DXB,2010-09-17,14	
LAX,DXB,2010-09-18,7	
LAX,DXB,2010-09-19,5	
LAX,DXB,2010-09-20,8	
LAX,DXB,2010-09-21,3	
LAX,DXB,2010-09-22,13	
LAX,DXB,2010-09-23,8	
LAX,DXB,2010-09-24,9	
LAX,DXB,2010-09-25,11	
LAX,DXB,2010-09-26,7	
LAX,DXB,2010-09-27,4	
LAX,DXB,2010-09-28,2	
LAX,DXB,2010-09-29,2	
LAX,DXB,2010-09-30,6	
LAX,DXB,2010-10-01,9	
LAX,DXB,2010-10-02,10	
LAX,DXB,2010-10-03,6	
LAX,DXB,2010-10-04,5	
LAX,DXB,2010-10-05,3	
LAX,DXB,2010-10-06,4	
LAX,DXB,2010-10-07,7	
LAX,DXB,2010-10-08,8	
LAX,DXB,2010-10-09,4	
LAX,DXB,2010-10-10,5	
LAX,DXB,2010-10-11,1	
LAX,DXB,2010-10-12,6	
LAX,DXB,2010-10-13,5	
LAX,DXB,2010-10-14,5	
LAX,DXB,2010-10-15,4	
LAX,DXB,2010-10-16,8	
LAX,DXB,2010-10-17,3	
LAX,DXB,2010-10-18,2	
LAX,DXB,2010-10-19,8	
LAX,DXB,2010-10-20,8	
LAX,DXB,2010-10-21,7	
LAX,DXB,2010-10-22,6	
LAX,DXB,2010-10-23,11	
LAX,DXB,2010-10-25,8	
LAX,DXB,2010-10-26,5	
LAX,DXB,2010-10-27,7	
LAX,DXB,2010-10-28,6	
LAX,DXB,2010-10-29,8	
LAX,DXB,2010-10-30,7	
LAX,DXB,2010-10-31,11	
LAX,DXB,2010-11-01,4	
LAX,DXB,2010-11-02,4	
LAX,DXB,2010-11-03,4	
LAX,DXB,2010-11-04,8	
LAX,DXB,2010-11-05,2	
LAX,DXB,2010-11-06,5	
LAX,DXB,2010-11-07,8	
LAX,DXB,2010-11-08,4	
LAX,DXB,2010-11-09,5	
LAX,DXB,2010-11-10,7	
LAX,DXB,2010-11-11,4	
LAX,DXB,2010-11-13,8	
LAX,DXB,2010-11-14,4	
LAX,DXB,2010-11-15,7	
LAX,DXB,2010-11-16,5	
LAX,DXB,2010-11-17,6	
LAX,DXB,2010-11-18,12	
LAX,DXB,2010-11-19,22	
LAX,DXB,2010-11-20,11	
LAX,DXB,2010-11-21,7	
LAX,DXB,2010-11-22,6	
LAX,DXB,2010-11-23,3	
LAX,DXB,2010-11-24,8	
LAX,DXB,2010-11-25,2	
LAX,DXB,2010-11-26,9	
LAX,DXB,2010-11-27,5	
LAX,DXB,2010-11-28,6	
LAX,DXB,2010-11-29,4	
LAX,DXB,2010-11-30,4	
LAX,DXB,2010-12-01,4	
LAX,DXB,2010-12-02,4	
LAX,DXB,2010-12-03,11	
LAX,DXB,2010-12-04,2	
LAX,DXB,2010-12-05,4	
LAX,DXB,2010-12-06,5	
LAX,DXB,2010-12-07,5	
LAX,DXB,2010-12-08,6	
LAX,DXB,2010-12-09,9	
LAX,DXB,2010-12-10,18	
LAX,DXB,2010-12-11,10	
LAX,DXB,2010-12-12,6	
LAX,DXB,2010-12-13,6	
LAX,DXB,2010-12-14,5	
LAX,DXB,2010-12-15,4	
LAX,DXB,2010-12-16,8	
LAX,DXB,2010-12-17,6	
LAX,DXB,2010-12-18,2	
LAX,DXB,2010-12-19,13	
LAX,DXB,2010-12-20,10	
LAX,DXB,2010-12-21,5	
LAX,DXB,2010-12-22,5	
LAX,DXB,2010-12-23,6	
LAX,DXB,2010-12-24,8	
LAX,DXB,2010-12-25,8	
LAX,DXB,2010-12-26,3	
LAX,DXB,2010-12-27,8	
LAX,DXB,2010-12-28,11	
LAX,DXB,2010-12-29,4	
LAX,DXB,2010-12-30,14	
LAX,DXB,2010-12-31,2	
LAX,DXB,2011-01-01,12	
LAX,DXB,2011-01-02,23	
LAX,DXB,2011-01-03,10	
LAX,DXB,2011-01-04,7	
LAX,DXB,2011-01-05,5	
LAX,DXB,2011-01-06,13	
LAX,DXB,2011-01-07,7	
LAX,DXB,2011-01-08,9	
LAX,DXB,2011-01-09,23	
LAX,DXB,2011-01-10,10	
LAX,DXB,2011-01-11,12	
LAX,DXB,2011-01-12,4	
LAX,DXB,2011-01-13,15	
LAX,DXB,2011-01-14,13	
LAX,DXB,2011-01-15,12	
LAX,DXB,2011-01-16,9	
LAX,DXB,2011-01-17,7	
LAX,DXB,2011-01-18,5	
LAX,DXB,2011-01-19,10	
LAX,DXB,2011-01-20,14	
LAX,DXB,2011-01-21,16	
LAX,DXB,2011-01-22,14	
LAX,DXB,2011-01-23,6	
LAX,DXB,2011-01-24,4	
LAX,DXB,2011-01-25,5	
LAX,DXB,2011-01-26,7	
LAX,DXB,2011-01-27,7	
LAX,DXB,2011-01-28,18	
LAX,DXB,2011-01-29,14	
LAX,DXB,2011-01-30,16	
LAX,DXB,2011-01-31,9	
LAX,DXB,2011-02-01,6	
LAX,DXB,2011-02-02,12	
LAX,DXB,2011-02-03,7	
LAX,DXB,2011-02-04,7	
LAX,DXB,2011-02-05,11	
LAX,DXB,2011-02-06,7	
LAX,DXB,2011-02-07,3	
LAX,DXB,2011-02-08,4	
LAX,DXB,2011-02-09,1	
LAX,DXB,2011-02-10,7	
LAX,DXB,2011-02-11,4	
LAX,DXB,2011-02-12,11	
LAX,DXB,2011-02-13,4	
LAX,DXB,2011-02-14,11	
LAX,DXB,2011-02-15,5	
LAX,DXB,2011-02-16,2	
LAX,DXB,2011-02-17,8	
LAX,DXB,2011-02-18,15	
LAX,DXB,2011-02-19,11	
LAX,DXB,2011-02-20,13	
LAX,DXB,2011-02-21,6	
LAX,DXB,2011-02-22,6	
LAX,DXB,2011-02-23,5	
LAX,DXB,2011-02-24,5	
LAX,DXB,2011-02-25,7	
LAX,DXB,2011-02-26,8	
LAX,DXB,2011-02-27,4	
LAX,DXB,2011-02-28,4	
LAX,DXB,2011-03-01,6	
LAX,DXB,2011-03-02,6	
LAX,DXB,2011-03-03,10	
LAX,DXB,2011-03-04,10	
LAX,DXB,2011-03-05,14	
LAX,DXB,2011-03-06,9	
LAX,DXB,2011-03-07,4	
LAX,DXB,2011-03-08,4	
LAX,DXB,2011-03-09,4	
LAX,DXB,2011-03-10,13	
LAX,DXB,2011-03-11,11	
LAX,DXB,2011-03-12,7	
LAX,DXB,2011-03-13,6	
LAX,DXB,2011-03-14,8	
LAX,DXB,2011-03-15,7	
LAX,DXB,2011-03-16,7	
LAX,DXB,2011-03-17,10	
LAX,DXB,2011-03-18,8	
LAX,DXB,2011-03-19,12	
LAX,DXB,2011-03-20,6	
LAX,DXB,2011-03-21,4	
LAX,DXB,2011-03-22,6	
LAX,DXB,2011-03-23,2	
LAX,DXB,2011-03-24,9	
LAX,DXB,2011-03-25,7	
LAX,DXB,2011-03-26,5	
LAX,DXB,2011-03-27,10	
LAX,DXB,2011-03-28,6	
LAX,DXB,2011-03-29,9	
LAX,DXB,2011-03-30,7	
LAX,DXB,2011-03-31,8	
LAX,DXB,2011-04-01,16	
LAX,DXB,2011-04-02,10	
LAX,DXB,2011-04-03,12	
LAX,DXB,2011-04-04,3	
LAX,DXB,2011-04-05,6	
LAX,DXB,2011-04-06,5	
LAX,DXB,2011-04-07,7	
LAX,DXB,2011-04-08,9	
LAX,DXB,2011-04-09,9	
LAX,DXB,2011-04-10,6	
LAX,DXB,2011-04-11,5	
LAX,DXB,2011-04-12,7	
LAX,DXB,2011-04-13,4	
LAX,DXB,2011-04-14,7	
LAX,DXB,2011-04-15,16	
LAX,DXB,2011-04-16,8	
LAX,DXB,2011-04-17,20	
LAX,DXB,2011-04-18,10	
LAX,DXB,2011-04-19,6	
LAX,DXB,2011-04-20,4	
LAX,DXB,2011-04-21,3	
LAX,DXB,2011-04-22,13	
LAX,DXB,2011-04-23,4	
LAX,DXB,2011-04-24,10	
LAX,DXB,2011-04-25,3	
LAX,DXB,2011-04-26,3	
LAX,DXB,2011-04-27,8	
LAX,DXB,2011-04-28,4	
LAX,DXB,2011-04-29,6	
LAX,DXB,2011-04-30,6	
LAX,DXB,2011-05-01,11	
LAX,DXB,2011-05-02,4	
LAX,DXB,2011-05-03,3	
LAX,DXB,2011-05-04,1	
LAX,DXB,2011-05-05,7	
LAX,DXB,2011-05-06,9	
LAX,DXB,2011-05-07,10	
LAX,DXB,2011-05-08,9	
LAX,DXB,2011-05-09,6	
LAX,DXB,2011-05-10,6	
LAX,DXB,2011-05-11,8	
LAX,DXB,2011-05-12,13	
LAX,DXB,2011-05-13,15	
LAX,DXB,2011-05-14,15	
LAX,DXB,2011-05-15,11	
LAX,DXB,2011-05-16,9	
LAX,DXB,2011-05-17,8	
LAX,DXB,2011-05-18,8	
LAX,DXB,2011-05-19,12	
LAX,DXB,2011-05-20,9	
LAX,DXB,2011-05-21,14	
LAX,DXB,2011-05-22,6	
LAX,DXB,2011-05-23,2	
LAX,DXB,2011-05-24,7	
LAX,DXB,2011-05-25,3	
LAX,DXB,2011-05-26,6	
LAX,DXB,2011-05-27,9	
LAX,DXB,2011-05-28,15	
LAX,DXB,2011-05-29,8	
LAX,DXB,2011-05-30,4	
LAX,DXB,2011-05-31,7	
LAX,DXB,2011-06-01,9	
LAX,DXB,2011-06-02,8	
LAX,DXB,2011-06-03,8	
LAX,DXB,2011-06-04,8	
LAX,DXB,2011-06-05,7	
LAX,DXB,2011-06-06,14	
LAX,DXB,2011-06-07,8	
LAX,DXB,2011-06-08,7	
LAX,DXB,2011-06-09,10	
LAX,DXB,2011-06-10,9	
LAX,DXB,2011-06-11,15	
LAX,DXB,2011-06-12,18	
LAX,DXB,2011-06-13,8	
LAX,DXB,2011-06-14,2	
LAX,DXB,2011-06-15,8	
LAX,DXB,2011-06-16,6	
LAX,DXB,2011-06-17,9	
LAX,DXB,2011-06-18,7	
LAX,DXB,2011-06-19,13	
LAX,DXB,2011-06-20,13	
LAX,DXB,2011-06-21,4	
LAX,DXB,2011-06-22,11	
LAX,DXB,2011-06-23,11	
LAX,DXB,2011-06-24,9	
LAX,DXB,2011-06-25,7	
LAX,DXB,2011-06-26,7	
LAX,DXB,2011-06-27,10	
LAX,DXB,2011-06-28,5	
LAX,DXB,2011-06-29,8	
LAX,DXB,2011-06-30,9	
LAX,DXB,2011-07-01,9	
LAX,DXB,2011-07-02,12	
LAX,DXB,2011-07-03,8	
LAX,DXB,2011-07-04,6	
LAX,DXB,2011-07-05,4	
LAX,DXB,2011-07-06,4	
LAX,DXB,2011-07-07,6	
LAX,DXB,2011-07-08,8	
LAX,DXB,2011-07-09,5	
LAX,DXB,2011-07-10,8	
LAX,DXB,2011-07-11,6	
LAX,DXB,2011-07-12,6	
LAX,DXB,2011-07-13,5	
LAX,DXB,2011-07-14,20	
LAX,DXB,2011-07-15,23	
LAX,DXB,2011-07-16,18	
LAX,DXB,2011-07-17,13	
LAX,DXB,2011-07-18,10	
LAX,DXB,2011-07-19,9	
LAX,DXB,2011-07-20,13	
LAX,DXB,2011-07-21,12	
LAX,DXB,2011-07-22,8	
LAX,DXB,2011-07-23,18	
LAX,DXB,2011-07-24,19	
LAX,DXB,2011-07-25,14	
LAX,DXB,2011-07-26,9	
LAX,DXB,2011-07-27,13	
LAX,DXB,2011-07-28,13	
LAX,DXB,2011-07-29,22	
LAX,DXB,2011-07-30,22	
LAX,DXB,2011-07-31,6	
LAX,DXB,2011-08-01,9	
LAX,DXB,2011-08-02,10	
LAX,DXB,2011-08-03,11	
LAX,DXB,2011-08-04,13	
LAX,DXB,2011-08-05,13	
LAX,DXB,2011-08-06,13	
LAX,DXB,2011-08-07,7	
LAX,DXB,2011-08-08,9	
LAX,DXB,2011-08-09,3	
LAX,DXB,2011-08-10,3	
LAX,DXB,2011-08-11,9	
LAX,DXB,2011-08-12,3	
LAX,DXB,2011-08-13,12	
LAX,DXB,2011-08-14,5	
LAX,DXB,2011-08-15,6	
LAX,DXB,2011-08-16,10	
LAX,DXB,2011-08-17,4	
LAX,DXB,2011-08-18,5	
LAX,DXB,2011-08-19,11	
LAX,DXB,2011-08-20,15	
LAX,DXB,2011-08-21,14	
LAX,DXB,2011-08-22,4	
LAX,DXB,2011-08-23,5	
LAX,DXB,2011-08-24,8	
LAX,DXB,2011-08-25,17	
LAX,DXB,2011-08-26,14	
LAX,DXB,2011-08-27,10	
LAX,DXB,2011-08-28,11	
LAX,DXB,2011-08-29,9	
LAX,DXB,2011-08-30,13	
LAX,DXB,2011-08-31,7	
LAX,DXB,2011-09-01,10	
LAX,DXB,2011-09-02,19	
LAX,DXB,2011-09-03,14	
LAX,DXB,2011-09-04,10	
LAX,DXB,2011-09-05,19	
LAX,DXB,2011-09-06,4	
LAX,DXB,2011-09-07,10	
LAX,DXB,2011-09-08,3	
LAX,DXB,2011-09-09,9	
LAX,DXB,2011-09-10,13	
LAX,DXB,2011-09-11,12	
LAX,DXB,2011-09-12,7	
LAX,DXB,2011-09-13,9	
LAX,DXB,2011-09-14,8	
LAX,DXB,2011-09-15,8	
LAX,DXB,2011-09-16,15	
LAX,DXB,2011-09-17,8	
LAX,DXB,2011-09-18,14	
LAX,DXB,2011-09-19,10	
LAX,DXB,2011-09-20,2	
LAX,DXB,2011-09-21,4	
LAX,DXB,2011-09-22,9	
LAX,DXB,2011-09-23,7	
LAX,DXB,2011-09-24,14	
LAX,DXB,2011-09-25,8	
LAX,DXB,2011-09-26,9	
LAX,DXB,2011-09-27,12	
LAX,DXB,2011-09-28,2	
LAX,DXB,2011-09-29,5	
LAX,DXB,2011-09-30,9	
LAX,DXB,2011-10-01,8	
LAX,DXB,2011-10-02,4	
LAX,DXB,2011-10-03,8	
LAX,DXB,2011-10-04,3	
LAX,DXB,2011-10-05,7	
LAX,DXB,2011-10-06,4	
LAX,DXB,2011-10-07,11	
LAX,DXB,2011-10-08,13	
LAX,DXB,2011-10-09,3	
LAX,DXB,2011-10-10,3	
LAX,DXB,2011-10-11,7	
LAX,DXB,2011-10-12,6	
LAX,DXB,2011-10-13,10	
LAX,DXB,2011-10-14,22	
LAX,DXB,2011-10-15,5	
LAX,DXB,2011-10-16,9	
LAX,DXB,2011-10-17,8	
LAX,DXB,2011-10-18,10	
LAX,DXB,2011-10-19,11	
LAX,DXB,2011-10-20,9	
LAX,DXB,2011-10-21,12	
LAX,DXB,2011-10-22,19	
LAX,DXB,2011-10-23,12	
LAX,DXB,2011-10-24,12	
LAX,DXB,2011-10-25,4	
LAX,DXB,2011-10-26,7	
LAX,DXB,2011-10-27,7	
LAX,DXB,2011-10-28,9	
LAX,DXB,2011-10-29,6	
LAX,DXB,2011-10-30,9	
LAX,DXB,2011-10-31,10	
LAX,DXB,2011-11-01,3	
LAX,DXB,2011-11-02,11	
LAX,DXB,2011-11-03,12	
LAX,DXB,2011-11-04,12	
LAX,DXB,2011-11-05,10	
LAX,DXB,2011-11-06,12	
LAX,DXB,2011-11-07,13	
LAX,DXB,2011-11-08,6	
LAX,DXB,2011-11-09,6	
LAX,DXB,2011-11-10,19	
LAX,DXB,2011-11-11,27	
LAX,DXB,2011-11-12,16	
LAX,DXB,2011-11-13,11	
LAX,DXB,2011-11-14,15	
LAX,DXB,2011-11-15,10	
LAX,DXB,2011-11-16,14	
LAX,DXB,2011-11-17,12	
LAX,DXB,2011-11-18,25	
LAX,DXB,2011-11-19,10	
LAX,DXB,2011-11-20,10	
LAX,DXB,2011-11-21,8	
LAX,DXB,2011-11-22,4	
LAX,DXB,2011-11-23,7	
LAX,DXB,2011-11-24,5	
LAX,DXB,2011-11-25,5	
LAX,DXB,2011-11-26,5	
LAX,DXB,2011-11-27,8	
LAX,DXB,2011-11-28,13	
LAX,DXB,2011-11-29,3	
LAX,DXB,2011-11-30,12	
LAX,DXB,2011-12-01,6	
LAX,DXB,2011-12-02,20	
LAX,DXB,2011-12-03,10	
LAX,DXB,2011-12-04,12	
LAX,DXB,2011-12-05,7	
LAX,DXB,2011-12-06,8	
LAX,DXB,2011-12-07,3	
LAX,DXB,2011-12-08,4	
LAX,DXB,2011-12-09,8	
LAX,DXB,2011-12-10,13	
LAX,DXB,2011-12-11,18	
LAX,DXB,2011-12-12,13	
LAX,DXB,2011-12-13,7	
LAX,DXB,2011-12-14,13	
LAX,DXB,2011-12-15,10	
LAX,DXB,2011-12-16,17	
LAX,DXB,2011-12-17,8	
LAX,DXB,2011-12-18,9	
LAX,DXB,2011-12-19,9	
LAX,DXB,2011-12-20,8	
LAX,DXB,2011-12-21,16	
LAX,DXB,2011-12-22,3	
LAX,DXB,2011-12-23,4	
LAX,DXB,2011-12-24,2	
LAX,DXB,2011-12-25,3	
LAX,DXB,2011-12-26,5	
LAX,DXB,2011-12-27,10	
LAX,DXB,2011-12-28,13	
LAX,DXB,2011-12-29,8	
LAX,DXB,2011-12-30,12	
LAX,DXB,2011-12-31,6	
LAX,DXB,2012-01-01,18	
LAX,DXB,2012-01-02,15	
LAX,DXB,2012-01-03,17	
LAX,DXB,2012-01-04,15	
LAX,DXB,2012-01-05,9	
LAX,DXB,2012-01-06,15	
LAX,DXB,2012-01-07,15	
LAX,DXB,2012-01-08,12	
LAX,DXB,2012-01-09,9	
LAX,DXB,2012-01-10,5	
LAX,DXB,2012-01-11,12	
LAX,DXB,2012-01-12,21	
LAX,DXB,2012-01-13,35	
LAX,DXB,2012-01-14,33	
LAX,DXB,2012-01-15,19	
LAX,DXB,2012-01-16,15	
LAX,DXB,2012-01-17,10	
LAX,DXB,2012-01-18,11	
LAX,DXB,2012-01-19,17	
LAX,DXB,2012-01-20,18	
LAX,DXB,2012-01-21,13	
LAX,DXB,2012-01-22,15	
LAX,DXB,2012-01-23,14	
LAX,DXB,2012-01-24,5	
LAX,DXB,2012-01-25,5	
LAX,DXB,2012-01-26,4	
LAX,DXB,2012-01-27,10	
LAX,DXB,2012-01-28,12	
LAX,DXB,2012-01-29,9	
LAX,DXB,2012-01-30,8	
LAX,DXB,2012-01-31,7	
LAX,DXB,2012-02-01,2	
LAX,DXB,2012-02-02,7	
LAX,DXB,2012-02-03,14	
LAX,DXB,2012-02-04,21	
LAX,DXB,2012-02-05,11	
LAX,DXB,2012-02-06,16	
LAX,DXB,2012-02-07,9	
LAX,DXB,2012-02-08,9	
LAX,DXB,2012-02-09,11	
LAX,DXB,2012-02-10,31	
LAX,DXB,2012-02-11,24	
LAX,DXB,2012-02-12,9	
LAX,DXB,2012-02-13,6	
LAX,DXB,2012-02-14,8	
LAX,DXB,2012-02-15,11	
LAX,DXB,2012-02-16,14	
LAX,DXB,2012-02-17,21	
LAX,DXB,2012-02-18,14	
LAX,DXB,2012-02-19,7	
LAX,DXB,2012-02-20,9	
LAX,DXB,2012-02-21,6	
LAX,DXB,2012-02-22,7	
LAX,DXB,2012-02-23,7	
LAX,DXB,2012-02-24,12	
LAX,DXB,2012-02-25,26	
LAX,DXB,2012-02-26,15	
LAX,DXB,2012-02-27,8	
LAX,DXB,2012-02-28,4	
LAX,DXB,2012-02-29,8	
LAX,DXB,2012-03-01,14	
LAX,DXB,2012-03-02,25	
LAX,DXB,2012-03-03,11	
LAX,DXB,2012-03-04,18	
LAX,DXB,2012-03-05,6	
LAX,DXB,2012-03-06,5	
LAX,DXB,2012-03-07,4	
LAX,DXB,2012-03-08,14	
LAX,DXB,2012-03-09,19	
LAX,DXB,2012-03-10,10	
LAX,DXB,2012-03-11,11	
LAX,DXB,2012-03-12,7	
LAX,DXB,2012-03-13,6	
LAX,DXB,2012-03-14,13	
LAX,DXB,2012-03-15,8	
LAX,DXB,2012-03-16,21	
LAX,DXB,2012-03-17,15	
LAX,DXB,2012-03-18,8	
LAX,DXB,2012-03-19,9	
LAX,DXB,2012-03-20,11	
LAX,DXB,2012-03-21,8	
LAX,DXB,2012-03-22,20	
LAX,DXB,2012-03-23,13	
LAX,DXB,2012-03-24,12	
LAX,DXB,2012-03-25,16	
LAX,DXB,2012-03-26,7	
LAX,DXB,2012-03-27,6	
LAX,DXB,2012-03-28,8	
LAX,DXB,2012-03-29,7	
LAX,DXB,2012-03-30,22	
LAX,DXB,2012-03-31,12	
LAX,DXB,2012-04-01,12	
LAX,DXB,2012-04-02,13	
LAX,DXB,2012-04-03,4	
LAX,DXB,2012-04-04,13	
LAX,DXB,2012-04-05,12	
LAX,DXB,2012-04-06,6	
LAX,DXB,2012-04-07,11	
LAX,DXB,2012-04-08,7	
LAX,DXB,2012-04-09,8	
LAX,DXB,2012-04-10,13	
LAX,DXB,2012-04-11,10	
LAX,DXB,2012-04-12,11	
LAX,DXB,2012-04-13,11	
LAX,DXB,2012-04-14,16	
LAX,DXB,2012-04-15,10	
LAX,DXB,2012-04-16,6	
LAX,DXB,2012-04-17,14	
LAX,DXB,2012-04-18,8	
LAX,DXB,2012-04-19,16	
LAX,DXB,2012-04-20,26	
LAX,DXB,2012-04-21,12	
LAX,DXB,2012-04-22,16	
LAX,DXB,2012-04-23,16	
LAX,DXB,2012-04-24,8	
LAX,DXB,2012-04-25,16	
LAX,DXB,2012-04-26,10	
LAX,DXB,2012-04-27,14	
LAX,DXB,2012-04-28,9	
LAX,DXB,2012-04-29,9	
LAX,DXB,2012-04-30,8	
LAX,DXB,2012-05-01,7	
LAX,DXB,2012-05-02,11	
LAX,DXB,2012-05-03,8	
LAX,DXB,2012-05-04,13	
LAX,DXB,2012-05-05,18	
LAX,DXB,2012-05-06,13	
LAX,DXB,2012-05-07,7	
LAX,DXB,2012-05-08,7	
LAX,DXB,2012-05-09,12	
LAX,DXB,2012-05-10,15	
LAX,DXB,2012-05-11,16	
LAX,DXB,2012-05-12,19	
LAX,DXB,2012-05-13,7	
LAX,DXB,2012-05-14,12	
LAX,DXB,2012-05-15,9	
LAX,DXB,2012-05-16,8	
LAX,DXB,2012-05-17,19	
LAX,DXB,2012-05-18,11	
LAX,DXB,2012-05-19,14	
LAX,DXB,2012-05-20,11	
LAX,DXB,2012-05-21,17	
LAX,DXB,2012-05-22,6	
LAX,DXB,2012-05-23,8	
LAX,DXB,2012-05-24,20	
LAX,DXB,2012-05-25,34	
LAX,DXB,2012-05-26,27	
LAX,DXB,2012-05-27,8	
LAX,DXB,2012-05-28,16	
LAX,DXB,2012-05-29,11	
LAX,DXB,2012-05-30,12	
LAX,DXB,2012-05-31,7	
LAX,DXB,2012-06-01,11	
LAX,DXB,2012-06-02,15	
LAX,DXB,2012-06-03,9	
LAX,DXB,2012-06-04,15	
LAX,DXB,2012-06-05,11	
LAX,DXB,2012-06-06,6	
LAX,DXB,2012-06-07,14	
LAX,DXB,2012-06-08,18	
LAX,DXB,2012-06-09,16	
LAX,DXB,2012-06-10,8	
LAX,DXB,2012-06-11,7	
LAX,DXB,2012-06-12,6	
LAX,DXB,2012-06-13,6	
LAX,DXB,2012-06-14,10	
LAX,DXB,2012-06-15,19	
LAX,DXB,2012-06-16,8	
LAX,DXB,2012-06-17,14	
LAX,DXB,2012-06-18,13	
LAX,DXB,2012-06-19,8	
LAX,DXB,2012-06-20,19	
LAX,DXB,2012-06-21,13	
LAX,DXB,2012-06-22,12	
LAX,DXB,2012-06-23,12	
LAX,DXB,2012-06-24,8	
LAX,DXB,2012-06-25,14	
LAX,DXB,2012-06-26,9	
LAX,DXB,2012-06-27,9	
LAX,DXB,2012-06-28,8	
LAX,DXB,2012-06-29,15	
LAX,DXB,2012-06-30,11	
LAX,DXB,2012-07-01,12	
LAX,DXB,2012-07-02,7	
LAX,DXB,2012-07-03,7	
LAX,DXB,2012-07-04,9	
LAX,DXB,2012-07-05,22	
LAX,DXB,2012-07-06,16	
LAX,DXB,2012-07-07,7	
LAX,DXB,2012-07-08,12	
LAX,DXB,2012-07-09,15	
LAX,DXB,2012-07-10,17	
LAX,DXB,2012-07-11,14	
LAX,DXB,2012-07-12,9	
LAX,DXB,2012-07-13,19	
LAX,DXB,2012-07-14,13	
LAX,DXB,2012-07-15,18	
LAX,DXB,2012-07-16,17	
LAX,DXB,2012-07-17,17	
LAX,DXB,2012-07-18,14	
LAX,DXB,2012-07-19,17	
LAX,DXB,2012-07-20,22	
LAX,DXB,2012-07-21,32	
LAX,DXB,2012-07-22,8	
LAX,DXB,2012-07-23,17	
LAX,DXB,2012-07-24,11	
LAX,DXB,2012-07-25,15	
LAX,DXB,2012-07-26,7	
LAX,DXB,2012-07-27,13	
LAX,DXB,2012-07-28,22	
LAX,DXB,2012-07-29,13	
LAX,DXB,2012-07-30,11	
LAX,DXB,2012-07-31,11	
LAX,DXB,2012-08-01,3	
LAX,DXB,2012-08-02,7	
LAX,DXB,2012-08-03,8	
LAX,DXB,2012-08-04,6	
LAX,DXB,2012-08-05,10	
LAX,DXB,2012-08-06,5	
LAX,DXB,2012-08-07,5	
LAX,DXB,2012-08-08,7	
LAX,DXB,2012-08-09,8	
LAX,DXB,2012-08-10,11	
LAX,DXB,2012-08-11,8	
LAX,DXB,2012-08-12,13	
LAX,DXB,2012-08-13,11	
LAX,DXB,2012-08-14,14	
LAX,DXB,2012-08-15,6	
LAX,DXB,2012-08-16,15	
LAX,DXB,2012-08-17,11	
LAX,DXB,2012-08-18,10	
LAX,DXB,2012-08-19,12	
LAX,DXB,2012-08-20,15	
LAX,DXB,2012-08-21,13	
LAX,DXB,2012-08-22,18	
LAX,DXB,2012-08-23,13	
LAX,DXB,2012-08-24,14	
LAX,DXB,2012-08-25,15	
LAX,DXB,2012-08-26,19	
LAX,DXB,2012-08-27,8	
LAX,DXB,2012-08-28,14	
LAX,DXB,2012-08-29,12	
LAX,DXB,2012-08-30,11	
LAX,DXB,2012-08-31,13	
LAX,DXB,2012-09-01,17	
LAX,DXB,2012-09-02,9	
LAX,DXB,2012-09-03,13	
LAX,DXB,2012-09-04,8	
LAX,DXB,2012-09-05,4	
LAX,DXB,2012-09-06,16	
LAX,DXB,2012-09-07,7	
LAX,DXB,2012-09-08,8	
LAX,DXB,2012-09-09,10	
LAX,DXB,2012-09-10,6	
LAX,DXB,2012-09-11,8	
LAX,DXB,2012-09-12,7	
LAX,DXB,2012-09-13,9	
LAX,DXB,2012-09-14,13	
LAX,DXB,2012-09-15,8	
LAX,DXB,2012-09-16,5	
LAX,DXB,2012-09-17,8	
LAX,DXB,2012-09-18,3	
LAX,DXB,2012-09-19,10	
LAX,DXB,2012-09-20,8	
LAX,DXB,2012-09-21,13	
LAX,DXB,2012-09-22,16	
LAX,DXB,2012-09-23,10	
LAX,DXB,2012-09-24,4	
LAX,DXB,2012-09-25,4	
LAX,DXB,2012-09-26,8	
LAX,DXB,2012-09-27,6	
LAX,DXB,2012-09-28,9	
LAX,DXB,2012-09-29,9	
LAX,DXB,2012-09-30,12	
LAX,DXB,2012-10-01,10	
LAX,DXB,2012-10-02,5	
LAX,DXB,2012-10-03,4	
LAX,DXB,2012-10-04,11	
LAX,DXB,2012-10-05,16	
LAX,DXB,2012-10-06,10	
LAX,DXB,2012-10-07,14	
LAX,DXB,2012-10-08,9	
LAX,DXB,2012-10-09,10	
LAX,DXB,2012-10-10,6	
LAX,DXB,2012-10-11,17	
LAX,DXB,2012-10-12,7	
LAX,DXB,2012-10-13,14	
LAX,DXB,2012-10-14,13	
LAX,DXB,2012-10-15,16	
LAX,DXB,2012-10-16,15	
LAX,DXB,2012-10-17,3	
LAX,DXB,2012-10-18,19	
LAX,DXB,2012-10-19,8	
LAX,DXB,2012-10-20,12	
LAX,DXB,2012-10-21,7	
LAX,DXB,2012-10-22,10	
LAX,DXB,2012-10-23,6	
LAX,DXB,2012-10-24,15	
LAX,DXB,2012-10-25,17	
LAX,DXB,2012-10-26,5	
LAX,DXB,2012-10-27,15	
LAX,DXB,2012-10-28,6	
LAX,DXB,2012-10-29,5	
LAX,DXB,2012-10-30,13	
LAX,DXB,2012-10-31,17	
LAX,DXB,2012-11-01,9	
LAX,DXB,2012-11-02,13	
LAX,DXB,2012-11-03,8	
LAX,DXB,2012-11-04,9	
LAX,DXB,2012-11-05,17	
LAX,DXB,2012-11-06,19	
LAX,DXB,2012-11-07,17	
LAX,DXB,2012-11-08,7	
LAX,DXB,2012-11-09,25	
LAX,DXB,2012-11-10,10	
LAX,DXB,2012-11-11,14	
LAX,DXB,2012-11-12,9	
LAX,DXB,2012-11-13,14	
LAX,DXB,2012-11-14,4	
LAX,DXB,2012-11-15,10	
LAX,DXB,2012-11-16,15	
LAX,DXB,2012-11-17,16	
LAX,DXB,2012-11-18,7	
LAX,DXB,2012-11-19,15	
LAX,DXB,2012-11-20,5	
LAX,DXB,2012-11-21,12	
LAX,DXB,2012-11-22,13	
LAX,DXB,2012-11-23,14	
LAX,DXB,2012-11-24,2	
LAX,DXB,2012-11-25,6	
LAX,DXB,2012-11-26,8	
LAX,DXB,2012-11-27,4	
LAX,DXB,2012-11-28,4	
LAX,DXB,2012-11-29,11	
LAX,DXB,2012-11-30,11	
LAX,DXB,2012-12-01,14	
LAX,DXB,2012-12-02,12	
LAX,DXB,2012-12-03,8	
LAX,DXB,2012-12-04,8	
LAX,DXB,2012-12-05,6	
LAX,DXB,2012-12-06,14	
LAX,DXB,2012-12-07,10	
LAX,DXB,2012-12-08,4	
LAX,DXB,2012-12-09,11	
LAX,DXB,2012-12-10,9	
LAX,DXB,2012-12-11,10	
LAX,DXB,2012-12-12,6	
LAX,DXB,2012-12-13,7	
LAX,DXB,2012-12-14,11	
LAX,DXB,2012-12-15,9	
LAX,DXB,2012-12-16,7	
LAX,DXB,2012-12-17,7	
LAX,DXB,2012-12-18,7	
LAX,DXB,2012-12-19,5	
LAX,DXB,2012-12-20,7	
LAX,DXB,2012-12-21,5	
LAX,DXB,2012-12-22,7	
LAX,DXB,2012-12-23,10	
LAX,DXB,2012-12-24,5	
LAX,DXB,2012-12-25,2	
LAX,DXB,2012-12-26,11	
LAX,DXB,2012-12-27,5	
LAX,DXB,2012-12-28,5	
LAX,DXB,2012-12-29,10	
LAX,DXB,2012-12-30,10	
LAX,DXB,2012-12-31,8	
LAX,DXB,2013-01-01,19	
LAX,DXB,2013-01-02,15	
LAX,DXB,2013-01-03,17	
LAX,DXB,2013-01-04,22	
LAX,DXB,2013-01-05,13	
LAX,DXB,2013-01-06,16	
LAX,DXB,2013-01-07,17	
LAX,DXB,2013-01-08,9	
LAX,DXB,2013-01-09,6	
LAX,DXB,2013-01-10,15	
LAX,DXB,2013-01-11,24	
LAX,DXB,2013-01-12,16	
LAX,DXB,2013-01-13,17	
LAX,DXB,2013-01-14,17	
LAX,DXB,2013-01-15,15	
LAX,DXB,2013-01-16,12	
LAX,DXB,2013-01-17,23	
LAX,DXB,2013-01-18,9	
LAX,DXB,2013-01-19,23	
LAX,DXB,2013-01-20,13	
LAX,DXB,2013-01-21,8	
LAX,DXB,2013-01-22,3	
LAX,DXB,2013-01-23,10	
LAX,DXB,2013-01-24,12	
LAX,DXB,2013-01-25,14	
LAX,DXB,2013-01-26,21	
LAX,DXB,2013-01-27,13	
LAX,DXB,2013-01-28,6	
LAX,DXB,2013-01-29,12	
LAX,DXB,2013-01-30,2	
LAX,DXB,2013-01-31,15	
LAX,DXB,2013-02-01,14	
LAX,DXB,2013-02-02,12	
LAX,DXB,2013-02-03,10	
LAX,DXB,2013-02-04,8	
LAX,DXB,2013-02-05,10	
LAX,DXB,2013-02-06,8	
LAX,DXB,2013-02-07,14	
LAX,DXB,2013-02-08,27	
LAX,DXB,2013-02-09,18	
LAX,DXB,2013-02-10,7	
LAX,DXB,2013-02-11,6	
LAX,DXB,2013-02-12,9	
LAX,DXB,2013-02-13,13	
LAX,DXB,2013-02-14,7	
LAX,DXB,2013-02-15,20	
LAX,DXB,2013-02-16,18	
LAX,DXB,2013-02-17,11	
LAX,DXB,2013-02-18,10	
LAX,DXB,2013-02-19,5	
LAX,DXB,2013-02-20,15	
LAX,DXB,2013-02-21,7	
LAX,DXB,2013-02-22,13	
LAX,DXB,2013-02-23,13	
LAX,DXB,2013-02-24,15	
LAX,DXB,2013-02-25,11	
LAX,DXB,2013-02-26,8	
LAX,DXB,2013-02-27,12	
LAX,DXB,2013-02-28,19	
LAX,DXB,2013-03-01,12	
LAX,DXB,2013-03-02,11	
LAX,DXB,2013-03-03,15	
LAX,DXB,2013-03-04,11	
LAX,DXB,2013-03-05,8	
LAX,DXB,2013-03-06,9	
LAX,DXB,2013-03-07,7	
LAX,DXB,2013-03-08,12	
LAX,DXB,2013-03-09,25	
LAX,DXB,2013-03-10,18	
LAX,DXB,2013-03-11,28	
LAX,DXB,2013-03-12,4	
LAX,DXB,2013-03-13,6	
LAX,DXB,2013-03-14,22	
LAX,DXB,2013-03-15,18	
LAX,DXB,2013-03-16,20	
LAX,DXB,2013-03-17,10	
LAX,DXB,2013-03-18,8	
LAX,DXB,2013-03-19,14	
LAX,DXB,2013-03-20,14	
LAX,DXB,2013-03-21,7	
LAX,DXB,2013-03-22,16	
LAX,DXB,2013-03-23,20	
LAX,DXB,2013-03-24,17	
LAX,DXB,2013-03-25,6	
LAX,DXB,2013-03-26,4	
LAX,DXB,2013-03-27,14	
LAX,DXB,2013-03-28,9	
LAX,DXB,2013-03-29,11	
LAX,DXB,2013-03-30,8	
LAX,DXB,2013-03-31,5	
LAX,DXB,2013-04-01,7	
LAX,DXB,2013-04-02,6	
LAX,DXB,2013-04-03,8	
LAX,DXB,2013-04-04,17	
LAX,DXB,2013-04-05,8	
LAX,DXB,2013-04-06,12	
LAX,DXB,2013-04-07,4	
LAX,DXB,2013-04-08,24	
LAX,DXB,2013-04-09,14	
LAX,DXB,2013-04-10,11	
LAX,DXB,2013-04-11,21	
LAX,DXB,2013-04-12,30	
LAX,DXB,2013-04-13,13	
LAX,DXB,2013-04-14,17	
LAX,DXB,2013-04-15,17	
LAX,DXB,2013-04-16,25	
LAX,DXB,2013-04-17,17	
LAX,DXB,2013-04-18,16	
LAX,DXB,2013-04-19,19	
LAX,DXB,2013-04-20,16	
LAX,DXB,2013-04-21,18	
LAX,DXB,2013-04-22,14	
LAX,DXB,2013-04-23,6	
LAX,DXB,2013-04-24,6	
LAX,DXB,2013-04-25,16	
LAX,DXB,2013-04-26,17	
LAX,DXB,2013-04-27,13	
LAX,DXB,2013-04-28,20	
LAX,DXB,2013-04-29,11	
LAX,DXB,2013-04-30,22	
LAX,DXB,2013-05-01,21	
LAX,DXB,2013-05-02,14	
LAX,DXB,2013-05-03,10	
LAX,DXB,2013-05-04,10	
LAX,DXB,2013-05-05,12	
LAX,DXB,2013-05-06,7	
LAX,DXB,2013-05-07,15	
LAX,DXB,2013-05-08,9	
LAX,DXB,2013-05-09,23	
LAX,DXB,2013-05-10,29	
LAX,DXB,2013-05-11,10	
LAX,DXB,2013-05-12,13	
LAX,DXB,2013-05-13,20	
LAX,DXB,2013-05-14,15	
LAX,DXB,2013-05-15,5	
LAX,DXB,2013-05-16,16	
LAX,DXB,2013-05-17,16	
LAX,DXB,2013-05-18,17	
LAX,DXB,2013-05-19,10	
LAX,DXB,2013-05-20,15	
LAX,DXB,2013-05-21,13	
LAX,DXB,2013-05-22,10	
LAX,DXB,2013-05-23,7	
LAX,DXB,2013-05-24,14	
LAX,DXB,2013-05-25,15	
LAX,DXB,2013-05-26,10	
LAX,DXB,2013-05-27,12	
LAX,DXB,2013-05-28,8	
LAX,DXB,2013-05-29,9	
LAX,DXB,2013-05-30,9	
LAX,DXB,2013-05-31,17	
LAX,DXB,2013-06-01,14	
LAX,DXB,2013-06-02,16	
LAX,DXB,2013-06-03,13	
LAX,DXB,2013-06-04,16	
LAX,DXB,2013-06-05,11	
LAX,DXB,2013-06-06,10	
LAX,DXB,2013-06-07,8	
LAX,DXB,2013-06-08,12	
LAX,DXB,2013-06-09,8	
LAX,DXB,2013-06-10,13	
LAX,DXB,2013-06-11,2	
LAX,DXB,2013-06-12,11	
LAX,DXB,2013-06-13,5	
LAX,DXB,2013-06-14,16	
LAX,DXB,2013-06-15,17	
LAX,DXB,2013-06-16,7	
LAX,DXB,2013-06-17,15	
LAX,DXB,2013-06-18,19	
LAX,DXB,2013-06-19,5	
LAX,DXB,2013-06-20,12	
LAX,DXB,2013-06-21,26	
LAX,DXB,2013-06-22,12	
LAX,DXB,2013-06-23,11	
LAX,DXB,2013-06-24,6	
LAX,DXB,2013-06-25,11	
LAX,DXB,2013-06-26,13	
LAX,DXB,2013-06-27,12	
LAX,DXB,2013-06-28,22	
LAX,DXB,2013-06-29,20	
LAX,DXB,2013-06-30,5	
LAX,DXB,2013-07-01,10	
LAX,DXB,2013-07-02,13	
LAX,DXB,2013-07-03,7	
LAX,DXB,2013-07-04,11	
LAX,DXB,2013-07-05,9	
LAX,DXB,2013-07-06,18	
LAX,DXB,2013-07-07,11	
LAX,DXB,2013-07-08,9	
LAX,DXB,2013-07-09,15	
LAX,DXB,2013-07-10,6	
LAX,DXB,2013-07-11,13	
LAX,DXB,2013-07-12,19	
LAX,DXB,2013-07-13,12	
LAX,DXB,2013-07-14,11	
LAX,DXB,2013-07-15,12	
LAX,DXB,2013-07-16,9	
LAX,DXB,2013-07-17,15	
LAX,DXB,2013-07-18,13	
LAX,DXB,2013-07-19,20	
LAX,DXB,2013-07-20,10	
LAX,DXB,2013-07-21,9	
LAX,DXB,2013-07-22,4	
LAX,DXB,2013-07-23,12	
LAX,DXB,2013-07-24,6	
LAX,DXB,2013-07-25,10	
LAX,DXB,2013-07-26,12	
LAX,DXB,2013-07-27,8	
LAX,DXB,2013-07-28,13	
LAX,DXB,2013-07-29,8	
LAX,DXB,2013-07-30,7	
LAX,DXB,2013-07-31,7	
LAX,DXB,2013-08-01,12	
LAX,DXB,2013-08-02,14	
LAX,DXB,2013-08-03,15	
LAX,DXB,2013-08-04,8	
LAX,DXB,2013-08-05,4	
LAX,DXB,2013-08-06,14	
LAX,DXB,2013-08-07,4	
LAX,DXB,2013-08-08,11	
LAX,DXB,2013-08-09,12	
LAX,DXB,2013-08-10,8	
LAX,DXB,2013-08-11,11	
LAX,DXB,2013-08-12,16	
LAX,DXB,2013-08-13,5	
LAX,DXB,2013-08-14,19	
LAX,DXB,2013-08-15,21	
LAX,DXB,2013-08-16,16	
LAX,DXB,2013-08-17,12	
LAX,DXB,2013-08-18,11	
LAX,DXB,2013-08-19,18	
LAX,DXB,2013-08-20,12	
LAX,DXB,2013-08-21,14	
LAX,DXB,2013-08-22,16	
LAX,DXB,2013-08-23,21	
LAX,DXB,2013-08-24,15	
LAX,DXB,2013-08-25,12	
LAX,DXB,2013-08-26,10	
LAX,DXB,2013-08-27,11	
LAX,DXB,2013-08-28,10	
LAX,DXB,2013-08-29,22	
LAX,DXB,2013-08-30,21	
LAX,DXB,2013-08-31,20	
LAX,DXB,2013-09-01,8	
LAX,DXB,2013-09-02,18	
LAX,DXB,2013-09-03,6	
LAX,DXB,2013-09-04,11	
LAX,DXB,2013-09-05,12	
LAX,DXB,2013-09-06,14	
LAX,DXB,2013-09-07,5	
LAX,DXB,2013-09-08,5	
LAX,DXB,2013-09-09,15	
LAX,DXB,2013-09-10,8	
LAX,DXB,2013-09-11,9	
LAX,DXB,2013-09-12,21	
LAX,DXB,2013-09-13,10	
LAX,DXB,2013-09-14,8	
LAX,DXB,2013-09-15,10	
LAX,DXB,2013-09-16,18	
LAX,DXB,2013-09-17,19	
LAX,DXB,2013-09-18,9	
LAX,DXB,2013-09-19,20	
LAX,DXB,2013-09-20,20	
LAX,DXB,2013-09-21,24	
LAX,DXB,2013-09-22,13	
LAX,DXB,2013-09-23,9	
LAX,DXB,2013-09-24,13	
LAX,DXB,2013-09-25,11	
LAX,DXB,2013-09-26,18	
LAX,DXB,2013-09-27,11	
LAX,DXB,2013-09-28,15	
LAX,DXB,2013-09-29,10	
LAX,DXB,2013-09-30,18	
LAX,DXB,2013-10-01,19	
LAX,DXB,2013-10-02,3	
LAX,DXB,2013-10-03,8	
LAX,DXB,2013-10-04,15	
LAX,DXB,2013-10-05,13	
LAX,DXB,2013-10-06,9	
LAX,DXB,2013-10-07,18	
LAX,DXB,2013-10-08,15	
LAX,DXB,2013-10-09,13	
LAX,DXB,2013-10-10,16	
LAX,DXB,2013-10-11,13	
LAX,DXB,2013-10-12,19	
LAX,DXB,2013-10-13,17	
LAX,DXB,2013-10-14,17	
LAX,DXB,2013-10-15,8	
LAX,DXB,2013-10-16,13	
LAX,DXB,2013-10-17,32	
LAX,DXB,2013-10-18,33	
LAX,DXB,2013-10-19,16	
LAX,DXB,2013-10-20,19	
LAX,DXB,2013-10-21,24	
LAX,DXB,2013-10-22,12	
LAX,DXB,2013-10-23,11	
LAX,DXB,2013-10-24,19	
LAX,DXB,2013-10-25,16	
LAX,DXB,2013-10-26,25	
LAX,DXB,2013-10-27,10	
LAX,DXB,2013-10-28,5	
LAX,DXB,2013-10-29,15	
LAX,DXB,2013-10-30,13	
LAX,DXB,2013-10-31,26	
LAX,DXB,2013-11-01,18	
LAX,DXB,2013-11-02,12	
LAX,DXB,2013-11-03,13	
LAX,DXB,2013-11-04,6	
LAX,DXB,2013-11-05,11	
LAX,DXB,2013-11-06,7	
LAX,DXB,2013-11-07,14	
LAX,DXB,2013-11-08,26	
LAX,DXB,2013-11-09,17	
LAX,DXB,2013-11-10,29	
LAX,DXB,2013-11-11,12	
LAX,DXB,2013-11-12,14	
LAX,DXB,2013-11-13,17	
LAX,DXB,2013-11-14,17	
LAX,DXB,2013-11-15,12	
LAX,DXB,2013-11-16,17	
LAX,DXB,2013-11-17,19	
LAX,DXB,2013-11-18,9	
LAX,DXB,2013-11-19,5	
LAX,DXB,2013-11-20,13	
LAX,DXB,2013-11-21,15	
LAX,DXB,2013-11-22,13	
LAX,DXB,2013-11-23,14	
LAX,DXB,2013-11-24,14	
LAX,DXB,2013-11-25,8	
LAX,DXB,2013-11-26,4	
LAX,DXB,2013-11-27,12	
LAX,DXB,2013-11-28,6	
LAX,DXB,2013-11-29,13	
LAX,DXB,2013-11-30,8	
LAX,DXB,2013-12-01,10	
LAX,DXB,2013-12-02,23	
LAX,DXB,2013-12-03,13	
LAX,DXB,2013-12-04,7	
LAX,DXB,2013-12-05,11	
LAX,DXB,2013-12-06,21	
LAX,DXB,2013-12-07,11	
LAX,DXB,2013-12-08,10	
LAX,DXB,2013-12-09,11	
LAX,DXB,2013-12-10,8	
LAX,DXB,2013-12-11,12	
LAX,DXB,2013-12-12,23	
LAX,DXB,2013-12-13,17	
LAX,DXB,2013-12-14,7	
LAX,DXB,2013-12-15,19	
LAX,DXB,2013-12-16,10	
LAX,DXB,2013-12-17,18	
LAX,DXB,2013-12-18,30	
LAX,DXB,2013-12-19,17	
LAX,DXB,2013-12-20,16	
LAX,DXB,2013-12-21,19	
LAX,DXB,2013-12-22,19	
LAX,DXB,2013-12-23,11	
LAX,DXB,2013-12-24,4	
LAX,DXB,2013-12-25,8	
LAX,DXB,2013-12-26,8	
LAX,DXB,2013-12-27,15	
LAX,DXB,2013-12-28,11	
LAX,DXB,2013-12-29,12	
LAX,DXB,2013-12-30,11	
LAX,DXB,2013-12-31,7	
LAX,DXB,2014-01-01,12	
LAX,DXB,2014-01-02,27	
LAX,DXB,2014-01-03,37	
LAX,DXB,2014-01-04,29	
LAX,DXB,2014-01-05,24	
LAX,DXB,2014-01-06,27	
LAX,DXB,2014-01-07,22	
LAX,DXB,2014-01-08,5	
LAX,DXB,2014-01-09,35	
LAX,DXB,2014-01-10,40	
LAX,DXB,2014-01-11,32	
LAX,DXB,2014-01-12,30	
LAX,DXB,2014-01-13,16	
LAX,DXB,2014-01-14,12	
LAX,DXB,2014-01-15,19	
LAX,DXB,2014-01-16,20	
LAX,DXB,2014-01-17,25	
LAX,DXB,2014-01-18,19	
LAX,DXB,2014-01-19,21	
LAX,DXB,2014-01-20,15	
LAX,DXB,2014-01-21,11	
LAX,DXB,2014-01-22,10	
LAX,DXB,2014-01-23,22	
LAX,DXB,2014-01-24,25	
LAX,DXB,2014-01-25,21	
LAX,DXB,2014-01-26,24	
LAX,DXB,2014-01-27,12	
LAX,DXB,2014-01-28,12	
LAX,DXB,2014-01-29,20	
LAX,DXB,2014-01-30,24	
LAX,DXB,2014-01-31,12	
LAX,DXB,2014-02-01,22	
LAX,DXB,2014-02-02,20	
LAX,DXB,2014-02-03,7	
LAX,DXB,2014-02-04,6	
LAX,DXB,2014-02-05,16	
LAX,DXB,2014-02-06,11	
LAX,DXB,2014-02-07,34	
LAX,DXB,2014-02-08,19	
LAX,DXB,2014-02-09,15	
LAX,DXB,2014-02-10,13	
LAX,DXB,2014-02-11,11	
LAX,DXB,2014-02-12,14	
LAX,DXB,2014-02-13,17	
LAX,DXB,2014-02-14,38	
LAX,DXB,2014-02-15,26	
LAX,DXB,2014-02-16,17	
LAX,DXB,2014-02-17,12	
LAX,DXB,2014-02-18,14	
LAX,DXB,2014-02-19,11	
LAX,DXB,2014-02-20,26	
LAX,DXB,2014-02-21,22	
LAX,DXB,2014-02-22,2	
LAX,DXB,2014-02-23,33	
LAX,DXB,2014-02-24,17	
LAX,DXB,2014-02-25,4	
LAX,DXB,2014-02-26,23	
LAX,DXB,2014-02-27,22	
LAX,DXB,2014-02-28,46	
LAX,DXB,2014-03-01,27	
LAX,DXB,2014-03-02,21	
LAX,DXB,2014-03-03,24	
LAX,DXB,2014-03-04,7	
LAX,DXB,2014-03-05,17	
LAX,DXB,2014-03-06,23	
LAX,DXB,2014-03-07,27	
LAX,DXB,2014-03-08,29	
LAX,DXB,2014-03-09,18	
LAX,DXB,2014-03-10,19	
LAX,DXB,2014-03-11,10	
LAX,DXB,2014-03-12,13	
LAX,DXB,2014-03-13,26	
LAX,DXB,2014-03-14,23	
LAX,DXB,2014-03-15,31	
LAX,DXB,2014-03-16,20	
LAX,DXB,2014-03-17,19	
LAX,DXB,2014-03-18,12	
LAX,DXB,2014-03-19,22	
LAX,DXB,2014-03-20,21	
LAX,DXB,2014-03-21,20	
LAX,DXB,2014-03-22,28	
LAX,DXB,2014-03-23,12	
LAX,DXB,2014-03-24,14	
LAX,DXB,2014-03-25,19	
LAX,DXB,2014-03-26,17	
LAX,DXB,2014-03-27,26	
LAX,DXB,2014-03-28,38	
LAX,DXB,2014-03-29,22	
LAX,DXB,2014-03-30,26	
LAX,DXB,2014-03-31,24	
LAX,DXB,2014-04-01,19	
LAX,DXB,2014-04-02,16	
LAX,DXB,2014-04-03,22	
LAX,DXB,2014-04-04,21	
LAX,DXB,2014-04-05,21	
LAX,DXB,2014-04-06,26	
LAX,DXB,2014-04-07,14	
LAX,DXB,2014-04-08,10	
LAX,DXB,2014-04-09,20	
LAX,DXB,2014-04-10,36	
LAX,DXB,2014-04-11,30	
LAX,DXB,2014-04-12,23	
LAX,DXB,2014-04-13,16	
LAX,DXB,2014-04-14,13	
LAX,DXB,2014-04-15,13	
LAX,DXB,2014-04-16,23	
LAX,DXB,2014-04-17,21	
LAX,DXB,2014-04-18,22	
LAX,DXB,2014-04-19,9	
LAX,DXB,2014-04-20,17	
LAX,DXB,2014-04-21,8	
LAX,DXB,2014-04-22,15	
LAX,DXB,2014-04-23,8	
LAX,DXB,2014-04-24,14	
LAX,DXB,2014-04-25,19	
LAX,DXB,2014-04-26,15	
LAX,DXB,2014-04-27,10	
LAX,DXB,2014-04-28,13	
LAX,DXB,2014-04-29,9	
LAX,DXB,2014-04-30,24	
LAX,DXB,2014-05-01,36	
LAX,DXB,2014-05-02,25	
LAX,DXB,2014-05-03,17	
LAX,DXB,2014-05-04,23	
LAX,DXB,2014-05-05,25	
LAX,DXB,2014-05-06,17	
LAX,DXB,2014-05-07,12	
LAX,DXB,2014-05-08,37	
LAX,DXB,2014-05-09,38	
LAX,DXB,2014-05-10,35	
LAX,DXB,2014-05-11,25	
LAX,DXB,2014-05-12,28	
LAX,DXB,2014-05-13,19	
LAX,DXB,2014-05-14,12	
LAX,DXB,2014-05-15,19	
LAX,DXB,2014-05-16,12	
LAX,DXB,2014-05-17,23	
LAX,DXB,2014-05-18,20	
LAX,DXB,2014-05-19,23	
LAX,DXB,2014-05-20,34	
LAX,DXB,2014-05-21,26	
LAX,DXB,2014-05-22,22	
LAX,DXB,2014-05-23,20	
LAX,DXB,2014-05-24,40	
LAX,DXB,2014-05-25,21	
LAX,DXB,2014-05-26,22	
LAX,DXB,2014-05-27,15	
LAX,DXB,2014-05-28,22	
LAX,DXB,2014-05-29,20	
LAX,DXB,2014-05-30,28	
LAX,DXB,2014-05-31,24	
LAX,DXB,2014-06-01,28	
LAX,DXB,2014-06-02,24	
LAX,DXB,2014-06-03,30	
LAX,DXB,2014-06-04,16	
LAX,DXB,2014-06-05,19	
LAX,DXB,2014-06-06,26	
LAX,DXB,2014-06-07,25	
LAX,DXB,2014-06-08,26	
LAX,DXB,2014-06-09,13	
LAX,DXB,2014-06-10,13	
LAX,DXB,2014-06-11,12	
LAX,DXB,2014-06-12,23	
LAX,DXB,2014-06-13,38	
LAX,DXB,2014-06-14,26	
LAX,DXB,2014-06-15,18	
LAX,DXB,2014-06-16,12	
LAX,DXB,2014-06-17,15	
LAX,DXB,2014-06-18,28	
LAX,DXB,2014-06-19,28	
LAX,DXB,2014-06-20,15	
LAX,DXB,2014-06-21,30	
LAX,DXB,2014-06-22,23	
LAX,DXB,2014-06-23,30	
LAX,DXB,2014-06-24,16	
LAX,DXB,2014-06-25,15	
LAX,DXB,2014-06-26,29	
LAX,DXB,2014-06-27,36	
LAX,DXB,2014-06-28,31	
LAX,DXB,2014-06-29,28	
LAX,DXB,2014-06-30,25	
LAX,DXB,2014-07-01,11	
LAX,DXB,2014-07-02,8	
LAX,DXB,2014-07-03,15	
LAX,DXB,2014-07-04,6	
LAX,DXB,2014-07-05,20	
LAX,DXB,2014-07-06,3	
LAX,DXB,2014-07-07,12	
LAX,DXB,2014-07-08,8	
LAX,DXB,2014-07-09,6	
LAX,DXB,2014-07-10,18	
LAX,DXB,2014-07-11,17	
LAX,DXB,2014-07-12,15	
LAX,DXB,2014-07-13,7	
LAX,DXB,2014-07-14,12	
LAX,DXB,2014-07-15,13	
LAX,DXB,2014-07-16,15	
LAX,DXB,2014-07-17,14	
LAX,DXB,2014-07-18,15	
LAX,DXB,2014-07-19,14	
LAX,DXB,2014-07-20,15	
LAX,DXB,2014-07-21,14	
LAX,DXB,2014-07-22,10	
LAX,DXB,2014-07-23,14	
LAX,DXB,2014-07-24,19	
LAX,DXB,2014-07-25,22	
LAX,DXB,2014-07-26,16	
LAX,DXB,2014-07-27,13	
LAX,DXB,2014-07-28,15	
LAX,DXB,2014-07-29,11	
LAX,DXB,2014-07-30,13	
LAX,DXB,2014-07-31,18	
LAX,DXB,2014-08-01,27	
LAX,DXB,2014-08-02,30	
LAX,DXB,2014-08-03,32	
LAX,DXB,2014-08-04,18	
LAX,DXB,2014-08-05,19	
LAX,DXB,2014-08-06,14	
LAX,DXB,2014-08-07,19	
LAX,DXB,2014-08-08,24	
LAX,DXB,2014-08-09,33	
LAX,DXB,2014-08-10,23	
LAX,DXB,2014-08-11,24	
LAX,DXB,2014-08-12,26	
LAX,DXB,2014-08-13,16	
LAX,DXB,2014-08-14,21	
LAX,DXB,2014-08-15,26	
LAX,DXB,2014-08-16,35	
LAX,DXB,2014-08-17,27	
LAX,DXB,2014-08-18,10	
LAX,DXB,2014-08-19,27	
LAX,DXB,2014-08-20,40	
LAX,DXB,2014-08-21,37	
LAX,DXB,2014-08-22,23	
LAX,DXB,2014-08-23,19	
LAX,DXB,2014-08-24,16	
LAX,DXB,2014-08-25,12	
LAX,DXB,2014-08-26,20	
LAX,DXB,2014-08-27,16	
LAX,DXB,2014-08-28,16	
LAX,DXB,2014-08-29,35	
LAX,DXB,2014-08-30,22	
LAX,DXB,2014-08-31,32	
LAX,DXB,2014-09-01,23	
LAX,DXB,2014-09-02,16	
LAX,DXB,2014-09-03,22	
LAX,DXB,2014-09-04,19	
LAX,DXB,2014-09-05,16	
LAX,DXB,2014-09-06,23	
LAX,DXB,2014-09-07,28	
LAX,DXB,2014-09-08,21	
LAX,DXB,2014-09-09,15	
LAX,DXB,2014-09-10,16	
LAX,DXB,2014-09-11,16	
LAX,DXB,2014-09-12,32	
LAX,DXB,2014-09-13,21	
LAX,DXB,2014-09-14,39	
LAX,DXB,2014-09-15,26	
LAX,DXB,2014-09-16,16	
LAX,DXB,2014-09-17,21	
LAX,DXB,2014-09-18,31	
LAX,DXB,2014-09-19,19	
LAX,DXB,2014-09-20,34	
LAX,DXB,2014-09-21,21	
LAX,DXB,2014-09-22,22	
LAX,DXB,2014-09-23,25	
LAX,DXB,2014-09-24,17	
LAX,DXB,2014-09-25,18	
LAX,DXB,2014-09-26,40	
LAX,DXB,2014-09-27,29	
LAX,DXB,2014-09-28,27	
LAX,DXB,2014-09-29,17	
LAX,DXB,2014-09-30,19	
LAX,DXB,2014-10-01,9	
LAX,DXB,2014-10-02,28	
LAX,DXB,2014-10-03,21	
LAX,DXB,2014-10-04,9	
LAX,DXB,2014-10-05,17	
LAX,DXB,2014-10-06,15	
LAX,DXB,2014-10-07,9	
LAX,DXB,2014-10-08,11	
LAX,DXB,2014-10-09,25	
LAX,DXB,2014-10-10,32	
LAX,DXB,2014-10-11,21	
LAX,DXB,2014-10-12,28	
LAX,DXB,2014-10-13,26	
LAX,DXB,2014-10-14,13	
LAX,DXB,2014-10-15,18	
LAX,DXB,2014-10-16,19	
LAX,DXB,2014-10-17,40	
LAX,DXB,2014-10-18,34	
LAX,DXB,2014-10-19,25	
LAX,DXB,2014-10-20,29	
LAX,DXB,2014-10-21,10	
LAX,DXB,2014-10-22,15	
LAX,DXB,2014-10-23,21	
LAX,DXB,2014-10-24,39	
LAX,DXB,2014-10-25,53	
LAX,DXB,2014-10-26,23	
LAX,DXB,2014-10-27,12	
LAX,DXB,2014-10-28,23	
LAX,DXB,2014-10-29,17	
LAX,DXB,2014-10-30,22	
LAX,DXB,2014-10-31,24	
LAX,DXB,2014-11-01,26	
LAX,DXB,2014-11-02,21	
LAX,DXB,2014-11-03,15	
LAX,DXB,2014-11-04,9	
LAX,DXB,2014-11-05,23	
LAX,DXB,2014-11-06,19	
LAX,DXB,2014-11-07,26	
LAX,DXB,2014-11-08,34	
LAX,DXB,2014-11-09,21	
LAX,DXB,2014-11-10,19	
LAX,DXB,2014-11-11,18	
LAX,DXB,2014-11-12,23	
LAX,DXB,2014-11-13,15	
LAX,DXB,2014-11-14,26	
LAX,DXB,2014-11-15,43	
LAX,DXB,2014-11-16,34	
LAX,DXB,2014-11-17,17	
LAX,DXB,2014-11-18,11	
LAX,DXB,2014-11-19,23	
LAX,DXB,2014-11-20,19	
LAX,DXB,2014-11-21,27	
LAX,DXB,2014-11-22,15	
LAX,DXB,2014-11-23,21	
LAX,DXB,2014-11-24,13	
LAX,DXB,2014-11-25,18	
LAX,DXB,2014-11-26,17	
LAX,DXB,2014-11-27,21	
LAX,DXB,2014-11-28,12	
LAX,DXB,2014-11-29,14	
LAX,DXB,2014-11-30,12	
LAX,DXB,2014-12-01,21	
LAX,DXB,2014-12-02,9	
LAX,DXB,2014-12-03,13	
LAX,DXB,2014-12-04,21	
LAX,DXB,2014-12-05,38	
LAX,DXB,2014-12-06,22	
LAX,DXB,2014-12-07,22	
LAX,DXB,2014-12-08,17	
LAX,DXB,2014-12-09,24	
LAX,DXB,2014-12-10,24	
LAX,DXB,2014-12-11,16	
LAX,DXB,2014-12-12,54	
LAX,DXB,2014-12-13,27	
LAX,DXB,2014-12-14,27	
LAX,DXB,2014-12-15,21	
LAX,DXB,2014-12-16,21	
LAX,DXB,2014-12-17,15	
LAX,DXB,2014-12-18,17	
LAX,DXB,2014-12-19,19	
LAX,DXB,2014-12-20,42	
LAX,DXB,2014-12-21,14	
LAX,DXB,2014-12-22,15	
LAX,DXB,2014-12-23,11	
LAX,DXB,2014-12-24,5	
LAX,DXB,2014-12-25,15	
LAX,DXB,2014-12-26,11	
LAX,DXB,2014-12-27,15	
LAX,DXB,2014-12-28,10	
LAX,DXB,2014-12-29,8	
LAX,DXB,2014-12-30,19	
LAX,DXB,2014-12-31,6	
LAX,DXB,2015-01-01,16	
LAX,DXB,2015-01-02,41	
LAX,DXB,2015-01-03,39	
LAX,DXB,2015-01-04,37	
LAX,DXB,2015-01-05,29	
LAX,DXB,2015-01-06,21	
LAX,DXB,2015-01-07,30	
LAX,DXB,2015-01-08,40	
LAX,DXB,2015-01-09,56	
LAX,DXB,2015-01-10,49	
LAX,DXB,2015-01-11,38	
LAX,DXB,2015-01-12,34	
LAX,DXB,2015-01-13,23	
LAX,DXB,2015-01-14,20	
LAX,DXB,2015-01-15,35	
LAX,DXB,2015-01-16,31	
LAX,DXB,2015-01-17,33	
LAX,DXB,2015-01-18,22	
LAX,DXB,2015-01-19,19	
LAX,DXB,2015-01-20,19	
LAX,DXB,2015-01-21,19	
LAX,DXB,2015-01-22,47	
LAX,DXB,2015-01-23,29	
LAX,DXB,2015-01-24,26	
LAX,DXB,2015-01-25,25	
LAX,DXB,2015-01-26,21	
LAX,DXB,2015-01-27,12	
LAX,DXB,2015-01-28,16	
LAX,DXB,2015-01-29,24	
LAX,DXB,2015-01-30,39	
LAX,DXB,2015-01-31,45	
LAX,DXB,2015-02-01,29	
LAX,DXB,2015-02-02,22	
LAX,DXB,2015-02-03,11	
LAX,DXB,2015-02-04,18	
LAX,DXB,2015-02-05,32	
LAX,DXB,2015-02-06,20	
LAX,DXB,2015-02-07,25	
LAX,DXB,2015-02-08,24	
LAX,DXB,2015-02-09,21	
LAX,DXB,2015-02-10,21	
LAX,DXB,2015-02-11,12	
LAX,DXB,2015-02-12,26	
LAX,DXB,2015-02-13,22	
LAX,DXB,2015-02-14,14	
LAX,DXB,2015-02-15,29	
LAX,DXB,2015-02-16,15	
LAX,DXB,2015-02-17,18	
LAX,DXB,2015-02-18,20	
LAX,DXB,2015-02-19,18	
LAX,DXB,2015-02-20,27	
LAX,DXB,2015-02-21,22	
LAX,DXB,2015-02-22,13	
LAX,DXB,2015-02-23,13	
LAX,DXB,2015-02-24,17	
LAX,DXB,2015-02-25,20	
LAX,DXB,2015-02-26,22	
LAX,DXB,2015-02-27,33	
LAX,DXB,2015-02-28,30	
LAX,DXB,2015-03-01,30	
LAX,DXB,2015-03-02,15	
LAX,DXB,2015-03-03,22	
LAX,DXB,2015-03-04,22	
LAX,DXB,2015-03-05,37	
LAX,DXB,2015-03-06,26	
LAX,DXB,2015-03-07,15	
LAX,DXB,2015-03-08,25	
LAX,DXB,2015-03-09,15	
LAX,DXB,2015-03-10,16	
LAX,DXB,2015-03-11,13	
LAX,DXB,2015-03-12,24	
LAX,DXB,2015-03-13,22	
LAX,DXB,2015-03-14,42	
LAX,DXB,2015-03-15,24	
LAX,DXB,2015-03-16,28	
LAX,DXB,2015-03-17,21	
LAX,DXB,2015-03-18,12	
LAX,DXB,2015-03-19,24	
LAX,DXB,2015-03-20,39	
LAX,DXB,2015-03-21,21	
LAX,DXB,2015-03-22,19	
LAX,DXB,2015-03-23,22	
LAX,DXB,2015-03-24,23	
LAX,DXB,2015-03-25,14	
LAX,DXB,2015-03-26,36	
LAX,DXB,2015-03-27,39	
LAX,DXB,2015-03-28,26	
LAX,DXB,2015-03-29,32	
LAX,DXB,2015-03-30,25	
LAX,DXB,2015-03-31,12	
LAX,DXB,2015-04-01,19	
LAX,DXB,2015-04-02,24	
LAX,DXB,2015-04-03,26	
LAX,DXB,2015-04-04,31	
LAX,DXB,2015-04-05,27	
LAX,DXB,2015-04-06,24	
LAX,DXB,2015-04-07,19	
LAX,DXB,2015-04-08,24	
LAX,DXB,2015-04-09,14	
LAX,DXB,2015-04-10,32	
LAX,DXB,2015-04-11,22	
LAX,DXB,2015-04-12,25	
LAX,DXB,2015-04-13,28	
LAX,DXB,2015-04-14,19	
LAX,DXB,2015-04-15,24	
LAX,DXB,2015-04-16,41	
LAX,DXB,2015-04-17,39	
LAX,DXB,2015-04-18,22	
LAX,DXB,2015-04-19,28	
LAX,DXB,2015-04-20,30	
LAX,DXB,2015-04-21,27	
LAX,DXB,2015-04-22,27	
LAX,DXB,2015-04-23,39	
LAX,DXB,2015-04-24,38	
LAX,DXB,2015-04-25,27	
LAX,DXB,2015-04-26,35	
LAX,DXB,2015-04-27,16	
LAX,DXB,2015-04-28,19	
LAX,DXB,2015-04-29,19	
LAX,DXB,2015-04-30,23	
LAX,DXB,2015-05-01,24	
LAX,DXB,2015-05-02,24	
LAX,DXB,2015-05-03,25	
LAX,DXB,2015-05-04,14	
LAX,DXB,2015-05-05,27	
LAX,DXB,2015-05-06,14	
LAX,DXB,2015-05-07,40	
LAX,DXB,2015-05-08,35	
LAX,DXB,2015-05-09,35	
LAX,DXB,2015-05-10,30	
LAX,DXB,2015-05-11,25	
LAX,DXB,2015-05-12,13	
LAX,DXB,2015-05-13,22	
LAX,DXB,2015-05-14,29	
LAX,DXB,2015-05-15,35	
LAX,DXB,2015-05-16,28	
LAX,DXB,2015-05-17,28	
LAX,DXB,2015-05-18,53	
LAX,DXB,2015-05-19,28	
LAX,DXB,2015-05-20,35	
LAX,DXB,2015-05-21,26	
LAX,DXB,2015-05-22,34	
LAX,DXB,2015-05-23,33	
LAX,DXB,2015-05-24,26	
LAX,DXB,2015-05-25,30	
LAX,DXB,2015-05-26,23	
LAX,DXB,2015-05-27,19	
LAX,DXB,2015-05-28,31	
LAX,DXB,2015-05-29,38	
LAX,DXB,2015-05-30,27	
LAX,DXB,2015-05-31,29	
LAX,DXB,2015-06-01,23	
LAX,DXB,2015-06-02,34	
LAX,DXB,2015-06-03,20	
LAX,DXB,2015-06-04,35	
LAX,DXB,2015-06-05,35	
LAX,DXB,2015-06-06,33	
LAX,DXB,2015-06-07,25	
LAX,DXB,2015-06-08,18	
LAX,DXB,2015-06-09,22	
LAX,DXB,2015-06-10,33	
LAX,DXB,2015-06-11,29	
LAX,DXB,2015-06-12,47	
LAX,DXB,2015-06-13,25	
LAX,DXB,2015-06-14,36	
LAX,DXB,2015-06-15,44	
LAX,DXB,2015-06-16,21	
LAX,DXB,2015-06-17,16	
LAX,DXB,2015-06-18,18	
LAX,DXB,2015-06-19,38	
LAX,DXB,2015-06-20,27	
LAX,DXB,2015-06-21,27	
LAX,DXB,2015-06-22,17	
LAX,DXB,2015-06-23,6	
LAX,DXB,2015-06-24,8	
LAX,DXB,2015-06-25,17	
LAX,DXB,2015-06-26,33	
LAX,DXB,2015-06-27,20	
LAX,DXB,2015-06-28,18	
LAX,DXB,2015-06-29,25	
LAX,DXB,2015-06-30,13	
LAX,DXB,2015-07-01,20	
LAX,DXB,2015-07-02,16	
LAX,DXB,2015-07-03,7	
LAX,DXB,2015-07-04,8	
LAX,DXB,2015-07-05,26	
LAX,DXB,2015-07-06,21	
LAX,DXB,2015-07-07,8	
LAX,DXB,2015-07-08,11	
LAX,DXB,2015-07-09,11	
LAX,DXB,2015-07-10,27	
LAX,DXB,2015-07-11,27	
LAX,DXB,2015-07-12,15	
LAX,DXB,2015-07-13,20	
LAX,DXB,2015-07-14,16	
LAX,DXB,2015-07-15,16	
LAX,DXB,2015-07-16,18	
LAX,DXB,2015-07-17,20	
LAX,DXB,2015-07-18,15	
LAX,DXB,2015-07-19,28	
LAX,DXB,2015-07-20,18	
LAX,DXB,2015-07-21,23	
LAX,DXB,2015-07-22,17	
LAX,DXB,2015-07-23,21	
LAX,DXB,2015-07-24,44	
LAX,DXB,2015-07-25,22	
LAX,DXB,2015-07-26,25	
LAX,DXB,2015-07-27,29	
LAX,DXB,2015-07-28,20	
LAX,DXB,2015-07-29,20	
LAX,DXB,2015-07-30,31	
LAX,DXB,2015-07-31,36	
LAX,DXB,2015-08-01,35	
LAX,DXB,2015-08-02,31	
LAX,DXB,2015-08-03,22	
LAX,DXB,2015-08-04,28	
LAX,DXB,2015-08-05,30	
LAX,DXB,2015-08-06,23	
LAX,DXB,2015-08-07,31	
LAX,DXB,2015-08-08,36	
LAX,DXB,2015-08-09,38	
LAX,DXB,2015-08-10,27	
LAX,DXB,2015-08-11,17	
LAX,DXB,2015-08-12,31	
LAX,DXB,2015-08-13,28	
LAX,DXB,2015-08-14,32	
LAX,DXB,2015-08-15,37	
LAX,DXB,2015-08-16,21	
LAX,DXB,2015-08-17,18	
LAX,DXB,2015-08-18,26	
LAX,DXB,2015-08-19,30	
LAX,DXB,2015-08-20,39	
LAX,DXB,2015-08-21,45	
LAX,DXB,2015-08-22,29	
LAX,DXB,2015-08-23,25	
LAX,DXB,2015-08-24,31	
LAX,DXB,2015-08-25,23	
LAX,DXB,2015-08-26,17	
LAX,DXB,2015-08-27,21	
LAX,DXB,2015-08-28,22	
LAX,DXB,2015-08-29,20	
LAX,DXB,2015-08-30,33	
LAX,DXB,2015-08-31,31	
LAX,DXB,2015-09-01,26	
LAX,DXB,2015-09-02,22	
LAX,DXB,2015-09-03,44	
LAX,DXB,2015-09-04,57	
LAX,DXB,2015-09-05,32	
LAX,DXB,2015-09-06,36	
LAX,DXB,2015-09-07,17	
LAX,DXB,2015-09-08,21	
LAX,DXB,2015-09-09,25	
LAX,DXB,2015-09-10,28	
LAX,DXB,2015-09-11,27	
LAX,DXB,2015-09-12,33	
LAX,DXB,2015-09-13,19	
LAX,DXB,2015-09-14,16	
LAX,DXB,2015-09-15,22	
LAX,DXB,2015-09-16,21	
LAX,DXB,2015-09-17,18	
LAX,DXB,2015-09-18,15	
LAX,DXB,2015-09-19,23	
LAX,DXB,2015-09-20,37	
LAX,DXB,2015-09-21,23	
LAX,DXB,2015-09-22,20	
LAX,DXB,2015-09-23,12	
LAX,DXB,2015-09-24,46	
LAX,DXB,2015-09-25,25	
LAX,DXB,2015-09-26,33	
LAX,DXB,2015-09-27,36	
LAX,DXB,2015-09-28,24	
LAX,DXB,2015-09-29,19	
LAX,DXB,2015-09-30,33	
LAX,DXB,2015-10-01,43	
LAX,DXB,2015-10-02,49	
LAX,DXB,2015-10-03,34	
LAX,DXB,2015-10-04,32	
LAX,DXB,2015-10-05,24	
LAX,DXB,2015-10-06,14	
LAX,DXB,2015-10-07,18	
LAX,DXB,2015-10-08,27	
LAX,DXB,2015-10-09,24	
LAX,DXB,2015-10-10,29	
LAX,DXB,2015-10-11,21	
LAX,DXB,2015-10-12,10	
LAX,DXB,2015-10-13,26	
LAX,DXB,2015-10-14,15	
LAX,DXB,2015-10-15,19	
LAX,DXB,2015-10-16,38	
LAX,DXB,2015-10-17,25	
LAX,DXB,2015-10-18,21	
LAX,DXB,2015-10-19,19	
LAX,DXB,2015-10-20,18	
LAX,DXB,2015-10-21,17	
LAX,DXB,2015-10-22,36	
LAX,DXB,2015-10-23,33	
LAX,DXB,2015-10-24,24	
LAX,DXB,2015-10-25,25	
LAX,DXB,2015-10-26,21	
LAX,DXB,2015-10-27,15	
LAX,DXB,2015-10-28,19	
LAX,DXB,2015-10-29,36	
LAX,DXB,2015-10-30,31	
LAX,DXB,2015-10-31,26	
LAX,DXB,2015-11-01,26	
LAX,DXB,2015-11-02,21	
LAX,DXB,2015-11-03,26	
LAX,DXB,2015-11-04,33	
LAX,DXB,2015-11-05,26	
LAX,DXB,2015-11-06,63	
LAX,DXB,2015-11-07,47	
LAX,DXB,2015-11-08,38	
LAX,DXB,2015-11-09,30	
LAX,DXB,2015-11-10,24	
LAX,DXB,2015-11-11,22	
LAX,DXB,2015-11-12,36	
LAX,DXB,2015-11-13,19	
LAX,DXB,2015-11-14,20	
LAX,DXB,2015-11-15,26	
LAX,DXB,2015-11-16,22	
LAX,DXB,2015-11-17,19	
LAX,DXB,2015-11-18,31	
LAX,DXB,2015-11-19,34	
LAX,DXB,2015-11-20,37	
LAX,DXB,2015-11-21,38	
LAX,DXB,2015-11-22,26	
LAX,DXB,2015-11-23,13	
LAX,DXB,2015-11-24,22	
LAX,DXB,2015-11-25,21	
LAX,DXB,2015-11-26,11	
LAX,DXB,2015-11-27,12	
LAX,DXB,2015-11-28,27	
LAX,DXB,2015-11-29,23	
LAX,DXB,2015-11-30,30	
LAX,DXB,2015-12-01,23	
LAX,DXB,2015-12-02,23	
LAX,DXB,2015-12-03,24	
LAX,DXB,2015-12-04,26	
LAX,DXB,2015-12-05,23	
LAX,DXB,2015-12-06,33	
LAX,DXB,2015-12-07,30	
LAX,DXB,2015-12-08,21	
LAX,DXB,2015-12-09,23	
LAX,DXB,2015-12-10,30	
LAX,DXB,2015-12-11,34	
LAX,DXB,2015-12-12,31	
LAX,DXB,2015-12-13,22	
LAX,DXB,2015-12-14,24	
LAX,DXB,2015-12-15,46	
LAX,DXB,2015-12-16,35	
LAX,DXB,2015-12-17,23	
LAX,DXB,2015-12-18,26	
LAX,DXB,2015-12-19,23	
LAX,DXB,2015-12-20,28	
LAX,DXB,2015-12-21,27	
LAX,DXB,2015-12-22,25	
LAX,DXB,2015-12-23,11	
LAX,DXB,2015-12-24,16	
LAX,DXB,2015-12-25,6	
LAX,DXB,2015-12-26,19	
LAX,DXB,2015-12-27,23	
LAX,DXB,2015-12-28,10	
LAX,DXB,2015-12-29,15	
LAX,DXB,2015-12-30,2	
LAX,DXB,2015-12-31,14	
LAX,DXB,2016-01-01,30	
LAX,DXB,2016-01-02,49	
LAX,DXB,2016-01-03,26	
LAX,DXB,2016-01-04,34	
LAX,DXB,2016-01-05,25	
LAX,DXB,2016-01-06,25	
LAX,DXB,2016-01-07,32	
LAX,DXB,2016-01-08,66	
LAX,DXB,2016-01-09,51	
LAX,DXB,2016-01-10,68	
LAX,DXB,2016-01-11,36	
LAX,DXB,2016-01-12,37	
LAX,DXB,2016-01-13,26	
LAX,DXB,2016-01-14,35	
LAX,DXB,2016-01-15,36	
LAX,DXB,2016-01-16,38	
LAX,DXB,2016-01-17,31	
LAX,DXB,2016-01-18,22	
LAX,DXB,2016-01-19,23	
LAX,DXB,2016-01-20,21	
LAX,DXB,2016-01-21,15	
LAX,DXB,2016-01-22,39	
LAX,DXB,2016-01-23,41	
LAX,DXB,2016-01-24,32	
LAX,DXB,2016-01-25,35	
LAX,DXB,2016-01-26,21	
LAX,DXB,2016-01-27,13	
LAX,DXB,2016-01-28,26	
LAX,DXB,2016-01-29,44	
LAX,DXB,2016-01-30,36	
LAX,DXB,2016-01-31,30	
LAX,DXB,2016-02-01,20	
LAX,DXB,2016-02-02,8	
LAX,DXB,2016-02-03,28	
LAX,DXB,2016-02-04,22	
LAX,DXB,2016-02-05,30	
LAX,DXB,2016-02-06,35	
LAX,DXB,2016-02-07,17	
LAX,DXB,2016-02-08,24	
LAX,DXB,2016-02-09,38	
LAX,DXB,2016-02-10,21	
LAX,DXB,2016-02-11,19	
LAX,DXB,2016-02-12,43	
LAX,DXB,2016-02-13,31	
LAX,DXB,2016-02-14,22	
LAX,DXB,2016-02-15,18	
LAX,DXB,2016-02-16,21	
LAX,DXB,2016-02-17,22	
LAX,DXB,2016-02-18,34	
LAX,DXB,2016-02-19,36	
LAX,DXB,2016-02-20,37	
LAX,DXB,2016-02-21,20	
LAX,DXB,2016-02-22,17	
LAX,DXB,2016-02-23,31	
LAX,DXB,2016-02-24,21	
LAX,DXB,2016-02-25,26	
LAX,DXB,2016-02-26,42	
LAX,DXB,2016-02-27,31	
LAX,DXB,2016-02-28,30	
LAX,DXB,2016-02-29,21	
LAX,DXB,2016-03-01,29	
LAX,DXB,2016-03-02,22	
LAX,DXB,2016-03-03,32	
LAX,DXB,2016-03-04,40	
LAX,DXB,2016-03-05,26	
LAX,DXB,2016-03-06,25	
LAX,DXB,2016-03-07,23	
LAX,DXB,2016-03-08,6	
LAX,DXB,2016-03-09,16	
LAX,DXB,2016-03-10,27	
LAX,DXB,2016-03-11,41	
LAX,DXB,2016-03-12,36	
LAX,DXB,2016-03-13,19	
LAX,DXB,2016-03-14,22	
LAX,DXB,2016-03-15,19	
LAX,DXB,2016-03-16,18	
LAX,DXB,2016-03-17,24	
LAX,DXB,2016-03-18,27	
LAX,DXB,2016-03-19,34	
LAX,DXB,2016-03-20,18	
LAX,DXB,2016-03-21,25	
LAX,DXB,2016-03-22,15	
LAX,DXB,2016-03-23,21	
LAX,DXB,2016-03-24,24	
LAX,DXB,2016-03-25,33	
LAX,DXB,2016-03-26,16	
LAX,DXB,2016-03-27,17	
LAX,DXB,2016-03-28,16	
LAX,DXB,2016-03-29,17	
LAX,DXB,2016-03-30,11	
LAX,DXB,2016-03-31,19	
LAX,DXB,2016-04-01,25	
LAX,DXB,2016-04-02,30	
LAX,DXB,2016-04-03,17	
LAX,DXB,2016-04-04,28	
LAX,DXB,2016-04-05,29	
LAX,DXB,2016-04-06,31	
LAX,DXB,2016-04-07,39	
LAX,DXB,2016-04-08,49	
LAX,DXB,2016-04-09,23	
LAX,DXB,2016-04-10,23	
LAX,DXB,2016-04-11,32	
LAX,DXB,2016-04-12,18	
LAX,DXB,2016-04-13,24	
LAX,DXB,2016-04-14,35	
LAX,DXB,2016-04-15,54	
LAX,DXB,2016-04-16,38	
LAX,DXB,2016-04-17,40	
LAX,DXB,2016-04-18,36	
LAX,DXB,2016-04-19,22	
LAX,DXB,2016-04-20,32	
LAX,DXB,2016-04-21,34	
LAX,DXB,2016-04-22,40	
LAX,DXB,2016-04-23,16	
LAX,DXB,2016-04-24,36	
LAX,DXB,2016-04-25,31	
LAX,DXB,2016-04-26,17	
LAX,DXB,2016-04-27,21	
LAX,DXB,2016-04-28,23	
LAX,DXB,2016-04-29,33	
LAX,DXB,2016-04-30,35	
LAX,DXB,2016-05-01,32	
LAX,DXB,2016-05-02,19	
LAX,DXB,2016-05-03,24	
LAX,DXB,2016-05-04,22	
LAX,DXB,2016-05-05,58	
LAX,DXB,2016-05-06,53	
LAX,DXB,2016-05-07,34	
LAX,DXB,2016-05-08,31	
LAX,DXB,2016-05-09,18	
LAX,DXB,2016-05-10,22	
LAX,DXB,2016-05-11,26	
LAX,DXB,2016-05-12,31	
LAX,DXB,2016-05-13,35	
LAX,DXB,2016-05-14,25	
LAX,DXB,2016-05-15,20	
LAX,DXB,2016-05-16,28	
LAX,DXB,2016-05-17,30	
LAX,DXB,2016-05-18,23	
LAX,DXB,2016-05-19,15	
LAX,DXB,2016-05-20,31	
LAX,DXB,2016-05-21,39	
LAX,DXB,2016-05-22,33	
LAX,DXB,2016-05-23,31	
LAX,DXB,2016-05-24,21	
LAX,DXB,2016-05-25,23	
LAX,DXB,2016-05-26,28	
LAX,DXB,2016-05-27,39	
LAX,DXB,2016-05-28,31	
LAX,DXB,2016-05-29,27	
LAX,DXB,2016-05-30,24	
LAX,DXB,2016-05-31,25	
LAX,DXB,2016-06-01,20	
LAX,DXB,2016-06-02,23	
LAX,DXB,2016-06-03,36	
LAX,DXB,2016-06-04,30	
LAX,DXB,2016-06-05,25	
LAX,DXB,2016-06-06,13	
LAX,DXB,2016-06-07,29	
LAX,DXB,2016-06-08,15	
LAX,DXB,2016-06-09,21	
LAX,DXB,2016-06-10,32	
LAX,DXB,2016-06-11,36	
LAX,DXB,2016-06-12,17	
LAX,DXB,2016-06-13,18	
LAX,DXB,2016-06-14,9	
LAX,DXB,2016-06-15,22	
LAX,DXB,2016-06-16,27	
LAX,DXB,2016-06-17,16	
LAX,DXB,2016-06-18,27	
LAX,DXB,2016-06-19,13	
LAX,DXB,2016-06-20,22	
LAX,DXB,2016-06-21,14	
LAX,DXB,2016-06-22,14	
LAX,DXB,2016-06-23,17	
LAX,DXB,2016-06-24,22	
LAX,DXB,2016-06-25,14	
LAX,DXB,2016-06-26,15	
LAX,DXB,2016-06-27,26	
LAX,DXB,2016-06-28,20	
LAX,DXB,2016-06-29,21	
LAX,DXB,2016-06-30,16	
LAX,DXB,2016-07-01,34	
LAX,DXB,2016-07-02,24	
LAX,DXB,2016-07-03,20	
LAX,DXB,2016-07-04,11	
LAX,DXB,2016-07-05,9	
LAX,DXB,2016-07-06,10	
LAX,DXB,2016-07-07,10	
LAX,DXB,2016-07-08,31	
LAX,DXB,2016-07-09,18	
LAX,DXB,2016-07-10,31	
LAX,DXB,2016-07-11,29	
LAX,DXB,2016-07-12,18	
LAX,DXB,2016-07-13,19	
LAX,DXB,2016-07-14,17	
LAX,DXB,2016-07-15,47	
LAX,DXB,2016-07-16,30	
LAX,DXB,2016-07-17,23	
LAX,DXB,2016-07-18,28	
LAX,DXB,2016-07-19,19	
LAX,DXB,2016-07-20,31	
LAX,DXB,2016-07-21,39	
LAX,DXB,2016-07-22,44	
LAX,DXB,2016-07-23,34	
LAX,DXB,2016-07-24,17	
LAX,DXB,2016-07-25,37	
LAX,DXB,2016-07-26,22	
LAX,DXB,2016-07-27,24	
LAX,DXB,2016-07-28,45	
LAX,DXB,2016-07-29,50	
LAX,DXB,2016-07-30,46	
LAX,DXB,2016-07-31,38	
LAX,DXB,2016-08-01,22	
LAX,DXB,2016-08-02,24	
LAX,DXB,2016-08-03,10	
LAX,DXB,2016-08-04,38	
LAX,DXB,2016-08-05,40	
LAX,DXB,2016-08-06,33	
LAX,DXB,2016-08-07,24	
LAX,DXB,2016-08-08,29	
LAX,DXB,2016-08-09,26	
LAX,DXB,2016-08-10,42	
LAX,DXB,2016-08-11,23	
LAX,DXB,2016-08-12,40	
LAX,DXB,2016-08-13,21	
LAX,DXB,2016-08-14,24	
LAX,DXB,2016-08-15,50	
LAX,DXB,2016-08-16,30	
LAX,DXB,2016-08-17,39	
LAX,DXB,2016-08-18,45	
LAX,DXB,2016-08-19,62	
LAX,DXB,2016-08-20,53	
LAX,DXB,2016-08-21,59	
LAX,DXB,2016-08-22,39	
LAX,DXB,2016-08-23,31	
LAX,DXB,2016-08-24,46	
LAX,DXB,2016-08-25,50	
LAX,DXB,2016-08-26,42	
LAX,DXB,2016-08-27,36	
LAX,DXB,2016-08-28,32	
LAX,DXB,2016-08-29,17	
LAX,DXB,2016-08-30,29	
LAX,DXB,2016-08-31,33	
LAX,DXB,2016-09-01,49	
LAX,DXB,2016-09-02,31	
LAX,DXB,2016-09-03,26	
LAX,DXB,2016-09-04,23	
LAX,DXB,2016-09-05,21	
LAX,DXB,2016-09-06,16	
LAX,DXB,2016-09-07,13	
LAX,DXB,2016-09-08,14	
LAX,DXB,2016-09-09,32	
LAX,DXB,2016-09-10,30	
LAX,DXB,2016-09-11,29	
LAX,DXB,2016-09-12,33	
LAX,DXB,2016-09-13,27	
LAX,DXB,2016-09-14,25	
LAX,DXB,2016-09-15,38	
LAX,DXB,2016-09-16,54	
LAX,DXB,2016-09-17,41	
LAX,DXB,2016-09-18,37	
LAX,DXB,2016-09-19,29	
LAX,DXB,2016-09-20,28	
LAX,DXB,2016-09-21,47	
LAX,DXB,2016-09-22,33	
LAX,DXB,2016-09-23,50	
LAX,DXB,2016-09-24,27	
LAX,DXB,2016-09-25,24	
LAX,DXB,2016-09-26,20	
LAX,DXB,2016-09-27,23	
LAX,DXB,2016-09-28,25	
LAX,DXB,2016-09-29,40	
LAX,DXB,2016-09-30,34	
LAX,DXB,2016-10-01,38	
LAX,DXB,2016-10-02,30	
LAX,DXB,2016-10-03,25	
LAX,DXB,2016-10-04,18	
LAX,DXB,2016-10-05,16	
LAX,DXB,2016-10-06,15	
LAX,DXB,2016-10-07,21	
LAX,DXB,2016-10-08,17	
LAX,DXB,2016-10-09,13	
LAX,DXB,2016-10-10,19	
LAX,DXB,2016-10-11,13	
LAX,DXB,2016-10-12,15	
LAX,DXB,2016-10-13,27	
LAX,DXB,2016-10-14,28	
LAX,DXB,2016-10-15,19	
LAX,DXB,2016-10-16,25	
LAX,DXB,2016-10-17,18	
LAX,DXB,2016-10-18,10	
LAX,DXB,2016-10-19,13	
LAX,DXB,2016-10-20,39	
LAX,DXB,2016-10-21,46	
LAX,DXB,2016-10-22,18	
LAX,DXB,2016-10-23,23	
LAX,DXB,2016-10-24,12	
LAX,DXB,2016-10-25,20	
LAX,DXB,2016-10-26,12	
LAX,DXB,2016-10-27,21	
LAX,DXB,2016-10-28,17	
LAX,DXB,2016-10-29,10	
LAX,DXB,2016-10-30,8	
LAX,DXB,2016-10-31,13	
LAX,DXB,2016-11-01,14	
LAX,DXB,2016-11-02,8	
LAX,DXB,2016-11-03,22	
LAX,DXB,2016-11-04,22	
LAX,DXB,2016-11-05,4	
LAX,DXB,2016-11-06,17	
LAX,DXB,2016-11-07,14	
LAX,DXB,2016-11-08,15	
LAX,DXB,2016-11-09,9	
LAX,DXB,2016-11-10,20	
LAX,DXB,2016-11-11,19	
LAX,DXB,2016-11-12,9	
LAX,DXB,2016-11-13,10	
LAX,DXB,2016-11-14,13	
LAX,DXB,2016-11-15,9	
LAX,DXB,2016-11-16,4	
LAX,DXB,2016-11-17,3	
LAX,DXB,2016-11-18,12	
LAX,DXB,2016-11-19,4	
LAX,DXB,2016-11-20,11	
LAX,DXB,2016-11-21,3	
LAX,DXB,2016-11-22,5	
LAX,DXB,2016-11-23,2	
LAX,DXB,2016-11-24,2	
LAX,DXB,2016-11-25,8	
LAX,DXB,2016-11-26,9	
LAX,DXB,2016-11-27,2	
LAX,DXB,2016-11-28,5	
LAX,DXB,2016-11-29,1	
LAX,DXB,2016-11-30,5	
LAX,DXB,2016-12-01,7	
LAX,DXB,2016-12-02,9	
LAX,DXB,2016-12-03,3	
LAX,DXB,2016-12-04,5	
LAX,DXB,2016-12-05,7	
LAX,DXB,2016-12-06,7	
LAX,DXB,2016-12-07,2	
LAX,DXB,2016-12-08,3	
LAX,DXB,2016-12-09,8	
LAX,DXB,2016-12-10,10	
LAX,DXB,2016-12-11,4	
LAX,DXB,2016-12-12,10	
LAX,DXB,2016-12-13,4	
LAX,DXB,2016-12-14,4	
LAX,DXB,2016-12-15,11	
LAX,DXB,2016-12-16,17	
LAX,DXB,2016-12-17,8	
LAX,DXB,2016-12-18,1	
LAX,DXB,2016-12-19,3	
LAX,DXB,2016-12-20,7	
LAX,DXB,2016-12-21,7	
LAX,DXB,2016-12-22,6	
LAX,DXB,2016-12-23,2	
LAX,DXB,2016-12-24,2	
LAX,DXB,2016-12-25,6	
LAX,DXB,2016-12-26,1	
LAX,DXB,2016-12-28,2	
LAX,DXB,2016-12-29,2	
LAX,DXB,2016-12-30,2	
LAX,DXB,2016-12-31,4	
LAX,DXB,2017-01-01,2	
LAX,DXB,2017-01-02,8	
LAX,DXB,2017-01-03,5	
LAX,DXB,2017-01-04,8	
LAX,DXB,2017-01-05,13	
LAX,DXB,2017-01-06,4	
LAX,DXB,2017-01-07,4	
LAX,DXB,2017-01-08,6	
LAX,DXB,2017-01-09,14	
LAX,DXB,2017-01-10,4	
LAX,DXB,2017-01-11,4	
LAX,DXB,2017-01-12,5	
LAX,DXB,2017-01-13,3	
LAX,DXB,2017-01-14,1	
LAX,DXB,2017-01-15,4	
LAX,DXB,2017-01-17,1	
LAX,DXB,2017-01-18,4	
LAX,DXB,2017-01-19,2	
LAX,DXB,2017-01-20,3	
LAX,DXB,2017-01-21,1	
LAX,DXB,2017-01-22,1	
LAX,DXB,2017-01-23,2	
LAX,DXB,2017-01-25,1	
LAX,DXB,2017-01-26,4	
LAX,DXB,2017-01-27,2	
LAX,DXB,2017-01-28,2	
LAX,DXB,2017-01-30,3	
LAX,DXB,2017-01-31,1	
LAX,DXB,2017-02-01,2	
LAX,DXB,2017-02-02,1	
LAX,DXB,2017-02-03,3	
LAX,DXB,2017-02-05,1	
LAX,DXB,2017-02-06,2	
LAX,DXB,2017-02-08,1	
LAX,DXB,2017-02-11,2	
LAX,DXB,2017-02-13,3	
LAX,DXB,2017-02-14,1	
LAX,DXB,2017-02-15,3	
LAX,DXB,2017-02-18,4	
LAX,DXB,2017-02-25,5	
LAX,DXB,2017-02-28,1	
LAX,DXB,2017-03-01,4	
LAX,DXB,2017-03-03,2	
LAX,DXB,2017-03-08,1	
LAX,DXB,2017-03-09,2	
LAX,DXB,2017-03-11,1	
LAX,DXB,2017-03-12,1	
LAX,DXB,2017-03-15,1	
LAX,DXB,2017-03-16,1	
LAX,DXB,2017-03-18,1	
LAX,DXB,2017-03-20,2	
LAX,DXB,2017-03-22,1	
LAX,DXB,2017-03-23,3	
LAX,DXB,2017-03-25,1	
LAX,DXB,2017-03-27,1	
LAX,DXB,2017-04-12,2	
LAX,DXB,2017-04-14,2	
LAX,DXB,2017-04-20,2	
LAX,DXB,2017-04-22,1	
LAX,DXB,2017-04-26,1	
LAX,DXB,2017-04-28,1	
LAX,DXB,2017-04-30,4	
LAX,DXB,2017-05-06,1	
LAX,DXB,2017-05-07,1	
LAX,DXB,2017-05-10,2	
LAX,DXB,2017-05-15,1	
LAX,DXB,2017-05-21,1	
LAX,DXB,2017-05-22,2	
LAX,DXB,2017-05-25,1	
LAX,DXB,2017-05-30,1	
LAX,DXB,2017-06-01,5	
LAX,DXB,2017-06-02,1	
LAX,DXB,2017-06-07,2	
LAX,DXB,2017-06-09,1	
LAX,DXB,2017-06-11,1	
LAX,DXB,2017-06-14,1	
LAX,DXB,2017-06-24,1	
LAX,DXB,2017-06-26,1	
LAX,DXB,2017-06-30,2	
LAX,DXB,2017-07-07,1	
LAX,DXB,2017-07-08,1	
LAX,DXB,2017-07-10,1	
LAX,DXB,2017-07-22,2	
LAX,DXB,2017-07-29,1	
LAX,DXB,2017-08-04,1	
LAX,DXB,2017-08-06,1	
LAX,DXB,2017-08-16,1	
LAX,DXB,2017-08-25,1	
LAX,DXB,2017-09-14,2	
